bigram,count
PUNCT PROPN,5322103
PROPN PROPN,10778044
PROPN ADV,153375
ADV PUNCT,433231
PUNCT AUX,228351
AUX DET,471654
DET ADJ,2090231
ADJ NOUN,4341812
NOUN NOUN,3496409
NOUN ADP,5332441
ADP DET,4633046
ADJ ADJ,693203
NOUN DET,204924
DET PROPN,2131686
PROPN PUNCT,6708955
PUNCT DET,1915944
DET VERB,297019
VERB ADP,2784992
ADP PROPN,3198819
PROPN ADP,1736046
PROPN NUM,1718074
NUM PUNCT,2473295
PUNCT NUM,1553700
DET NOUN,4474628
NOUN AUX,1222716
AUX VERB,1576020
PROPN CCONJ,861669
CCONJ PROPN,764894
PUNCT CCONJ,862078
CCONJ VERB,468820
NOUN VERB,1503735
VERB NUM,234635
PUNCT NOUN,1984152
NOUN PUNCT,5792868
PUNCT ADV,539469
ADV VERB,776050
VERB NOUN,1107704
CCONJ PRON,141409
PRON NOUN,818661
ADP ADP,248998
NOUN PART,494819
PART VERB,976609
VERB DET,1545452
ADP NOUN,1676506
NOUN ADV,301570
ADV ADP,399618
PUNCT ADP,1347457
VERB PROPN,650247
PROPN PART,622355
PART NOUN,393859
PUNCT VERB,1172005
PART ADJ,146297
NOUN CCONJ,1048197
CCONJ NOUN,572111
PUNCT PUNCT,2338408
VERB ADJ,480326
ADJ VERB,71504
PROPN NOUN,1458178
PUNCT ADJ,855124
ADJ ADP,462392
ADJ AUX,19914
ADP ADJ,918632
PUNCT PRON,1045506
PRON PROPN,103576
CCONJ DET,380482
PROPN VERB,1051391
VERB PRON,558977
CCONJ ADV,153573
ADP NUM,1015575
NUM ADP,321028
NOUN PRON,328862
PRON AUX,787580
AUX AUX,278789
PROPN AUX,606070
VERB PART,351869
PART ADV,53751
PUNCT SCONJ,312536
SCONJ DET,271755
PROPN PRON,79293
AUX PART,255673
PART AUX,165472
ADP PRON,643267
PRON ADJ,257449
ADJ CCONJ,190855
CCONJ ADP,124007
CCONJ ADJ,342674
NOUN SCONJ,167751
SCONJ PROPN,134591
VERB PUNCT,617050
ADP VERB,345688
PRON ADP,116933
NOUN PROPN,992963
DET NUM,265793
DET PUNCT,127355
PRON PART,32752
SCONJ PRON,252712
PRON VERB,730425
PRON PUNCT,142535
VERB SCONJ,285275
VERB VERB,202744
PROPN ADJ,161413
ADJ PUNCT,560242
PRON ADV,123102
DET AUX,161443
AUX ADV,480386
ADP CCONJ,32880
PRON NUM,24363
NUM NOUN,1114678
AUX ADJ,297212
ADJ ADV,31287
ADV PART,25640
VERB ADV,299558
ADV PRON,31210
CCONJ AUX,136775
PROPN SCONJ,51063
AUX NOUN,79918
PRON PRON,79926
ADP PUNCT,213477
PUNCT PART,62446
ADV ADJ,318099
VERB CCONJ,140598
ADV PROPN,54962
CCONJ PART,23002
CCONJ SCONJ,34924
NOUN NUM,466238
CCONJ NUM,120814
DET DET,51512
NUM CCONJ,114697
ADJ DET,13533
AUX PRON,44705
ADV DET,112533
ADV ADV,194374
ADJ PROPN,466155
AUX ADP,109849
ADJ X,6499
X PRON,6412
AUX PUNCT,61688
ADV SCONJ,27579
AUX PROPN,61791
DET ADV,141700
ADJ PRON,8149
CCONJ PUNCT,58015
PUNCT INTJ,18758
INTJ PUNCT,13512
PART PRON,3756
ADP ADV,95758
VERB AUX,47557
PRON DET,38195
SCONJ ADP,45431
ADV CCONJ,31770
ADV AUX,83979
ADJ PART,74485
PROPN DET,132824
NOUN ADJ,277540
SCONJ PUNCT,35264
NUM ADJ,167375
SCONJ ADV,20179
SCONJ PART,10390
PART PROPN,158495
ADJ NUM,96558
AUX NUM,75631
PUNCT X,80154
X X,30573
X NOUN,34841
SCONJ VERB,52287
NUM VERB,91472
ADP SCONJ,22425
SCONJ NOUN,67841
NUM PART,28108
DET ADP,80538
NOUN SYM,38877
SYM NOUN,32743
AUX CCONJ,6369
ADV NUM,74048
SCONJ SCONJ,16133
NUM NUM,1209912
DET PRON,42016
NUM PROPN,1301228
NUM AUX,41294
NUM SCONJ,17998
VERB X,9925
X PUNCT,47934
NOUN INTJ,4750
NUM DET,74698
SCONJ X,1377
NUM X,9516
X DET,8558
SCONJ CCONJ,3350
PART DET,20550
ADP X,10867
X ADV,4464
NOUN X,25513
X ADP,9559
NUM SYM,200532
SYM NUM,290092
NUM PRON,30172
SCONJ ADJ,48656
PART PART,8650
CCONJ X,4579
PART ADP,13091
SCONJ NUM,29638
PROPN SYM,128132
SYM PROPN,108267
ADJ SCONJ,29065
ADP AUX,32532
NUM ADV,25557
PART PUNCT,34370
X VERB,12074
PUNCT SYM,25293
SYM PUNCT,5141
SYM SCONJ,141
CCONJ SYM,4835
ADP PART,24898
ADV NOUN,49831
PART NUM,36277
PROPN X,60528
PRON CCONJ,25799
PRON SCONJ,10889
AUX SCONJ,17088
X PROPN,76408
PART X,1459
ADV X,2519
PRON X,4522
X AUX,2437
DET CCONJ,4884
CCONJ INTJ,676
INTJ ADP,1327
INTJ NOUN,7331
INTJ PROPN,8055
PART CCONJ,4727
X CCONJ,2783
PROPN INTJ,6198
ADV SYM,3134
DET SCONJ,1854
VERB SYM,13222
ADP SYM,21771
X ADJ,10865
DET X,11370
INTJ VERB,1557
DET PART,3016
SCONJ AUX,7543
SYM ADJ,5952
ADJ SYM,6823
PRON SYM,2152
PRON INTJ,400
NUM INTJ,3119
X SCONJ,1577
AUX X,3415
X INTJ,402
X PART,1216
AUX SYM,2991
SCONJ SYM,204
INTJ SCONJ,237
SYM PRON,1434
SYM VERB,2557
VERB INTJ,1629
X NUM,12976
DET SYM,6692
ADV INTJ,568
INTJ ADV,599
INTJ AUX,497
ADJ INTJ,608
INTJ ADJ,867
X SYM,1016
CCONJ CCONJ,2637
SYM CCONJ,370
SYM AUX,288
SYM DET,7333
SYM X,899
AUX INTJ,322
INTJ PRON,1262
PART SYM,1542
PART SCONJ,817
SYM SYM,839
INTJ DET,1097
INTJ X,271
SYM ADP,1116
INTJ PART,153
INTJ SYM,138
INTJ CCONJ,546
INTJ NUM,1369
INTJ INTJ,5142
DET INTJ,332
ADP INTJ,528
SYM INTJ,301
SYM PART,382
SCONJ INTJ,55
PART INTJ,129
SYM ADV,337
