trigram,count
PUNCT PROPN PROPN,2239065
PROPN PROPN ADV,47585
PROPN ADV PUNCT,17834
ADV PUNCT AUX,6962
PUNCT AUX DET,47326
AUX DET ADJ,187141
DET ADJ NOUN,1494281
ADJ NOUN NOUN,580330
NOUN NOUN ADP,553797
NOUN ADP DET,1986784
ADP DET ADJ,946304
DET ADJ ADJ,192300
ADJ ADJ ADJ,118187
ADJ ADJ NOUN,477757
NOUN NOUN NOUN,788254
NOUN NOUN DET,40349
NOUN DET PROPN,36105
DET PROPN PROPN,1028804
PROPN PROPN PUNCT,3233815
PROPN PUNCT DET,496763
PUNCT DET VERB,113232
DET VERB ADP,42120
VERB ADP PROPN,563714
ADP PROPN ADP,249528
PROPN ADP PROPN,903543
ADP PROPN NUM,283262
PROPN NUM PUNCT,760634
NUM PUNCT NUM,472457
PUNCT NUM PUNCT,839861
NUM PUNCT DET,194402
PUNCT DET NOUN,777481
DET NOUN AUX,407979
NOUN AUX VERB,517916
AUX VERB ADP,820399
ADP PROPN PROPN,1134232
PROPN PROPN PROPN,4289410
PROPN PROPN CCONJ,338481
PROPN CCONJ PROPN,544469
CCONJ PROPN PROPN,329211
PROPN PUNCT CCONJ,232214
PUNCT CCONJ VERB,111202
CCONJ VERB ADP,117419
DET NOUN VERB,374820
NOUN VERB ADP,494834
VERB ADP DET,1032445
ADP DET VERB,76812
DET VERB NUM,8041
VERB NUM PUNCT,35732
NUM PUNCT NOUN,263406
PUNCT NOUN NOUN,453967
NOUN NOUN PUNCT,984759
NOUN PUNCT ADV,236774
PUNCT ADV VERB,90149
ADV VERB NOUN,73892
VERB NOUN VERB,48115
ADP DET PROPN,1161509
PROPN PUNCT PROPN,2756422
PUNCT PROPN PUNCT,1506612
PUNCT CCONJ PRON,65138
CCONJ PRON NOUN,46833
PRON NOUN VERB,87681
VERB ADP ADP,107090
ADP ADP DET,89775
ADP DET NOUN,2107352
DET NOUN PART,200312
NOUN PART VERB,261100
PART VERB DET,265166
VERB DET ADJ,355735
ADJ NOUN ADP,1205345
NOUN ADP NOUN,866347
ADP NOUN ADV,18215
NOUN ADV ADP,59475
ADV ADP DET,152543
DET NOUN ADP,1598795
NOUN ADP PROPN,1170313
ADP PROPN PUNCT,840492
PROPN PUNCT ADP,346887
PUNCT ADP DET,446012
ADJ NOUN PUNCT,1312613
NOUN PUNCT NOUN,699042
PUNCT NOUN VERB,124682
NOUN VERB DET,218771
VERB DET NOUN,835670
NOUN VERB PROPN,108508
VERB PROPN PART,61222
PROPN PART NOUN,255287
PART NOUN PUNCT,128740
NOUN PUNCT VERB,445311
PUNCT VERB PROPN,120562
PROPN PART ADJ,83457
PART ADJ NOUN,93920
NOUN NOUN CCONJ,150056
NOUN CCONJ NOUN,418781
CCONJ NOUN ADP,132030
PROPN PUNCT PUNCT,673790
PUNCT PUNCT DET,211427
NOUN VERB ADJ,90208
VERB ADJ VERB,4123
ADJ VERB NOUN,34955
VERB NOUN NOUN,199447
VERB PROPN NOUN,45305
PROPN NOUN ADP,182750
NOUN PUNCT ADJ,318248
PUNCT ADJ ADP,70244
ADJ ADP PROPN,64235
PUNCT PUNCT PROPN,704781
PUNCT PUNCT CCONJ,53542
PUNCT CCONJ PROPN,135311
CCONJ PROPN PUNCT,198508
PUNCT DET ADJ,351293
DET ADJ AUX,7612
ADJ AUX DET,3352
AUX DET NOUN,196046
NOUN ADP ADJ,458016
ADP ADJ ADJ,90143
NOUN PUNCT PRON,420887
PUNCT PRON PROPN,27096
PRON PROPN PROPN,40011
PROPN CCONJ DET,93813
CCONJ DET NOUN,154502
ADP PROPN VERB,82455
PROPN VERB ADP,220997
DET NOUN NOUN,480282
NOUN NOUN VERB,282646
VERB ADP NOUN,326117
ADP NOUN ADP,437714
ADP NOUN PUNCT,503628
NOUN PUNCT ADP,543587
PUNCT ADP PROPN,263406
ADP PROPN PART,153469
PART NOUN VERB,27600
NOUN VERB PRON,55197
VERB PRON NOUN,176682
PRON NOUN PART,31340
NOUN ADP ADP,50062
DET NOUN CCONJ,175574
NOUN CCONJ ADV,35097
CCONJ ADV ADP,18026
VERB ADP NUM,209857
ADP NUM ADP,93252
NUM ADP DET,122075
DET NOUN PRON,92331
NOUN PRON AUX,115098
PRON AUX AUX,62876
AUX AUX VERB,175192
AUX VERB DET,126588
DET NOUN PUNCT,855220
PUNCT VERB DET,171397
NOUN PUNCT PROPN,998894
PUNCT PROPN AUX,152902
PROPN AUX VERB,265824
AUX VERB PART,108844
VERB PART ADV,5778
PART ADV VERB,26300
ADV VERB PRON,43092
PRON NOUN PUNCT,199122
NOUN PUNCT DET,755359
DET NOUN ADV,83325
ADV ADP NOUN,50097
NOUN PUNCT SCONJ,133792
PUNCT SCONJ DET,85993
SCONJ DET PROPN,40247
DET PROPN PRON,7598
PROPN PRON AUX,22359
PRON AUX PART,66821
AUX PART AUX,35869
PART AUX VERB,69725
NOUN ADP PRON,235861
ADP PRON NOUN,298961
NOUN CCONJ PROPN,45927
CCONJ PROPN PART,19418
ADJ NOUN AUX,251338
VERB PART VERB,268822
PUNCT VERB PRON,62100
VERB PRON ADJ,76944
PRON ADJ CCONJ,4519
ADJ CCONJ ADP,2835
CCONJ ADP DET,46278
PUNCT ADJ CCONJ,26203
ADJ CCONJ ADJ,114069
CCONJ ADJ NOUN,223286
ADJ NOUN VERB,272731
VERB ADJ NOUN,294852
NOUN NOUN SCONJ,19247
NOUN SCONJ PROPN,19395
SCONJ PROPN CCONJ,5477
CCONJ PROPN AUX,29516
AUX VERB PUNCT,148653
VERB PUNCT PROPN,95324
PUNCT PROPN VERB,321470
PROPN VERB PROPN,133115
VERB PROPN ADP,80150
PROPN ADP VERB,25354
ADP VERB PRON,23512
VERB PRON ADP,89472
PRON ADP PROPN,12705
PUNCT PROPN PART,96124
ADJ NOUN PROPN,118626
NOUN PROPN VERB,35106
PROPN VERB ADJ,42168
VERB ADJ ADP,51848
ADJ ADP PRON,39193
PROPN ADP ADP,12250
ADP ADP ADJ,19134
ADP ADJ NOUN,632359
PUNCT PROPN NOUN,255104
PROPN NOUN PUNCT,441218
PUNCT PROPN CCONJ,155764
CCONJ PROPN NOUN,36811
PROPN PUNCT VERB,337951
PUNCT VERB ADP,322004
ADP DET NUM,147661
DET NUM PUNCT,56031
VERB ADP PRON,141451
PRON NOUN ADP,175362
PROPN ADP DET,435813
ADP DET PUNCT,52102
DET PUNCT NOUN,33836
PUNCT NOUN PUNCT,571558
NOUN PUNCT PUNCT,506879
CCONJ VERB PROPN,25484
VERB PROPN CCONJ,30676
CCONJ PROPN VERB,46304
PROPN VERB PRON,83575
PRON ADP VERB,6231
ADP VERB PROPN,22376
VERB PROPN PUNCT,102360
NOUN AUX PART,77042
SCONJ DET VERB,6547
DET VERB PROPN,20450
VERB PROPN VERB,14440
VERB PRON PART,24590
PRON PART VERB,23122
PART VERB PROPN,66841
PART NOUN ADP,87796
PUNCT ADV PUNCT,164975
ADV PUNCT PROPN,60307
PROPN PART VERB,83593
PART VERB PRON,102416
NOUN PUNCT CCONJ,391352
PUNCT CCONJ DET,139594
CCONJ DET PROPN,99561
DET PROPN VERB,82025
PROPN VERB DET,232266
DET NOUN SCONJ,53172
NOUN SCONJ PRON,43187
SCONJ PRON VERB,78779
PRON VERB NOUN,61607
VERB NOUN ADV,16220
NOUN ADV VERB,98063
ADV VERB ADP,278831
NOUN PROPN PUNCT,170840
PROPN PUNCT PRON,254672
PUNCT PRON AUX,349865
PRON AUX VERB,273736
AUX VERB PRON,40008
VERB PRON PUNCT,51332
PRON PUNCT PROPN,21493
PROPN VERB SCONJ,62775
VERB SCONJ DET,86631
SCONJ DET NOUN,151476
NOUN NOUN PRON,49883
AUX VERB VERB,22360
VERB VERB PROPN,10997
VERB PROPN ADJ,5901
PROPN ADJ PUNCT,13956
ADJ PUNCT CCONJ,40703
CCONJ PRON ADV,6476
PRON ADV VERB,81691
ADV VERB DET,123008
PUNCT DET AUX,101750
DET AUX ADV,23879
AUX ADV VERB,232587
ADV VERB PUNCT,63309
VERB PUNCT ADP,69632
PRON NOUN CCONJ,40919
NOUN CCONJ VERB,159894
CCONJ VERB PART,18463
ADP PROPN ADV,15943
PROPN ADV ADP,15272
ADV ADP VERB,18652
PUNCT ADV ADP,75730
ADV ADP PROPN,69702
PUNCT VERB PUNCT,75999
PROPN AUX ADV,74546
VERB ADP CCONJ,14142
ADP CCONJ ADV,1562
CCONJ ADV VERB,53434
VERB NOUN ADP,364380
PUNCT PRON VERB,314749
PRON VERB PRON,72811
CCONJ VERB PRON,50528
VERB PRON NUM,4902
PRON NUM NOUN,11539
NUM NOUN ADV,28778
DET ADJ CCONJ,42976
DET PROPN PUNCT,272723
PROPN PUNCT SCONJ,69257
PUNCT SCONJ PROPN,42540
SCONJ PROPN PUNCT,8236
PROPN PUNCT AUX,81911
PUNCT AUX ADJ,13322
AUX ADJ ADV,5015
ADJ ADV PART,2120
ADV PART VERB,18288
PART VERB ADJ,61910
NOUN ADP VERB,147246
ADV PUNCT SCONJ,13513
SCONJ DET ADJ,49093
NOUN NOUN AUX,171592
NOUN VERB PART,54376
PUNCT PROPN ADV,45667
PROPN ADV VERB,85614
ADV VERB ADV,19213
VERB ADV PRON,2409
ADV PRON ADJ,1665
PRON ADJ NOUN,185597
ADJ NOUN CCONJ,241187
CCONJ VERB NOUN,59915
VERB NOUN PART,30656
PART VERB ADP,170015
PRON ADP PRON,12520
CCONJ NOUN PUNCT,180839
VERB DET PROPN,210750
DET PROPN PART,51635
PROPN AUX ADJ,35566
AUX ADJ CCONJ,19585
ADJ CCONJ ADV,14016
CCONJ PROPN ADP,47024
PROPN ADP PRON,45945
ADP PRON VERB,42648
VERB PRON ADV,18238
PRON ADV PUNCT,9053
ADV PUNCT NOUN,27082
PUNCT NOUN AUX,67700
VERB VERB DET,30466
VERB DET VERB,29310
DET VERB NOUN,123719
VERB NOUN CCONJ,70259
PROPN VERB VERB,20004
PROPN CCONJ AUX,15837
CCONJ AUX VERB,55144
PRON VERB ADP,159758
ADP PROPN CCONJ,182098
PRON ADP NOUN,13576
PUNCT CCONJ ADV,63401
ADV VERB PART,31831
ADP NOUN PART,44045
PROPN VERB NOUN,72841
ADP PROPN SCONJ,15256
PROPN SCONJ PROPN,7534
SCONJ PROPN AUX,40065
PART VERB NOUN,117277
NOUN AUX ADV,168928
AUX ADJ ADP,93958
ADP PROPN AUX,60416
AUX ADJ PUNCT,60615
PROPN AUX NOUN,10187
AUX NOUN ADP,33976
VERB PRON PRON,8181
PRON PRON VERB,24838
PRON VERB PART,41803
NOUN ADP PUNCT,56154
ADP PUNCT NOUN,47079
PUNCT NOUN ADP,290704
NOUN PUNCT PART,26079
PUNCT PART VERB,41281
VERB NOUN AUX,30981
AUX PART VERB,164233
VERB ADP PUNCT,61147
ADP PUNCT PROPN,47203
DET ADJ PUNCT,91050
ADJ PUNCT ADV,21804
PUNCT ADV ADJ,31030
ADV ADJ CCONJ,19500
ADJ CCONJ VERB,15996
PART NOUN ADV,5247
ADV ADP PRON,28623
ADP PRON ADJ,113564
PUNCT CCONJ AUX,54415
AUX VERB CCONJ,39895
VERB CCONJ VERB,81975
ADJ NOUN ADV,56849
PRON VERB VERB,30670
VERB VERB ADP,51592
NOUN CCONJ ADJ,120836
NOUN CCONJ ADP,30676
CCONJ ADP VERB,4661
ADP VERB ADV,8287
VERB ADV VERB,12015
ADV VERB ADJ,35766
PUNCT ADV PROPN,25692
ADV PROPN AUX,2244
PROPN AUX DET,94649
NOUN NOUN PART,36589
PRON ADV ADP,5651
PROPN VERB CCONJ,8445
CCONJ VERB DET,91895
VERB NOUN PUNCT,254256
ADV VERB PROPN,42138
ADP VERB PUNCT,19072
VERB PUNCT CCONJ,41454
PUNCT CCONJ PART,8556
CCONJ PART VERB,12342
ADP NOUN AUX,48641
ADJ NOUN SCONJ,35458
SCONJ PROPN VERB,28315
VERB PRON AUX,33339
ADV PUNCT DET,71812
NOUN VERB VERB,44679
VERB VERB PUNCT,10918
VERB PUNCT DET,78869
CCONJ PROPN ADV,7534
PUNCT CCONJ SCONJ,21275
CCONJ SCONJ PROPN,3550
SCONJ PROPN PART,10823
PART NOUN AUX,34317
NOUN AUX DET,104767
DET PUNCT PRON,4078
PUNCT PRON PRON,44304
PRON PRON ADP,173
PRON ADP PUNCT,7547
PUNCT AUX VERB,84120
VERB VERB VERB,16276
VERB ADP ADJ,203320
CCONJ NOUN NOUN,126054
NOUN NOUN PROPN,241770
NOUN PROPN PROPN,511564
VERB NOUN PROPN,27007
CCONJ ADJ VERB,3436
ADJ VERB PUNCT,4786
PUNCT ADP NOUN,151308
ADP NOUN VERB,81238
VERB PROPN PROPN,231876
PRON VERB NUM,14676
VERB NUM NOUN,86720
NUM NOUN ADP,235085
ADP NOUN NUM,30940
NOUN NUM PUNCT,144603
PROPN PROPN ADP,755922
NOUN ADV PUNCT,64565
PROPN ADP ADJ,44944
NUM PUNCT CCONJ,61392
PUNCT CCONJ NUM,24553
CCONJ NUM PUNCT,28187
PROPN PROPN VERB,385086
PROPN ADP PUNCT,14449
ADP PUNCT ADV,6676
ADV ADJ PUNCT,58984
PUNCT CCONJ ADJ,56649
CCONJ ADJ PUNCT,34025
ADJ PUNCT ADP,34683
PUNCT ADP PRON,69331
PRON NOUN NOUN,110851
VERB PUNCT PUNCT,81180
PRON AUX DET,98194
AUX DET DET,2098
DET DET ADJ,9197
NOUN NUM CCONJ,8393
NUM CCONJ ADJ,6390
CCONJ ADJ DET,423
ADJ DET NOUN,6576
PRON AUX PRON,8554
AUX PRON ADP,2030
PUNCT ADV DET,35346
ADV DET ADJ,32314
CCONJ PRON AUX,38447
AUX PART ADV,19025
PART ADV ADP,3359
VERB PUNCT SCONJ,15989
PUNCT SCONJ PRON,73400
SCONJ PRON AUX,126762
PRON AUX ADV,118121
VERB PART AUX,66934
PART AUX ADV,12645
AUX ADV ADV,34533
ADV ADV ADJ,19961
ADJ PUNCT PUNCT,44523
ADJ NOUN DET,40036
NOUN DET VERB,25572
PROPN ADP NOUN,86133
PROPN PUNCT ADV,118155
ADV PUNCT ADP,47483
PUNCT ADJ PROPN,83764
ADJ PROPN NOUN,78403
PROPN NOUN AUX,64126
NOUN AUX AUX,117636
VERB PUNCT PRON,47310
PRON AUX ADP,22161
AUX ADP PUNCT,1916
NUM PUNCT ADP,135088
PUNCT ADJ NOUN,455299
PUNCT CCONJ NOUN,82251
CCONJ NOUN AUX,29971
ADP NOUN NOUN,244935
CCONJ ADV PUNCT,13793
ADV PUNCT VERB,56001
PUNCT VERB ADJ,54656
ADP ADP PUNCT,6621
PUNCT DET PUNCT,19293
DET PUNCT ADJ,27235
PUNCT ADJ X,879
ADJ X PRON,41
X PRON PUNCT,879
PRON PUNCT AUX,3788
AUX VERB ADV,68853
ADP NOUN SCONJ,16401
AUX ADV ADJ,90603
ADV ADJ ADP,73515
ADP PRON PART,4715
PART VERB SCONJ,18883
VERB SCONJ PRON,63578
PRON VERB PUNCT,38864
PUNCT ADP ADJ,73856
ADP ADJ PUNCT,51433
ADJ PUNCT NOUN,154365
NOUN AUX PUNCT,18391
AUX PUNCT CCONJ,2082
PUNCT CCONJ ADP,57770
CCONJ ADP ADJ,12734
ADP ADJ AUX,1409
ADJ AUX AUX,1520
AUX AUX PUNCT,4189
AUX PUNCT ADJ,6189
PUNCT ADJ PUNCT,107906
PUNCT ADV SCONJ,9715
ADV SCONJ PRON,8847
PRON AUX NOUN,18159
AUX NOUN PUNCT,16869
DET PUNCT ADV,4302
PUNCT VERB NOUN,177891
PUNCT PRON PUNCT,7684
PRON PUNCT NOUN,8301
CCONJ AUX DET,13454
AUX DET PUNCT,7694
ADJ PUNCT PROPN,56986
DET NOUN PROPN,60684
PRON AUX PROPN,8941
AUX PROPN PART,7620
PART NOUN NOUN,47207
ADP VERB ADJ,26990
VERB ADJ CCONJ,16505
CCONJ ADJ ADP,14799
ADJ ADP DET,171746
PUNCT PUNCT PRON,103686
PRON VERB ADV,28624
VERB ADV ADV,26918
ADV ADV DET,4429
ADV DET ADV,3469
DET ADV ADJ,72203
ADV ADJ NOUN,109286
PRON ADJ ADJ,25011
PART ADV ADV,2520
ADV ADV VERB,33797
VERB ADJ PRON,808
ADJ PRON AUX,3690
PUNCT ADV PRON,14722
ADV PRON AUX,12045
ADP VERB DET,75964
DET VERB ADJ,22162
VERB ADJ PUNCT,38983
NOUN VERB ADV,55443
VERB ADV ADJ,27954
ADJ CCONJ DET,6093
ADJ CCONJ PUNCT,1366
CCONJ PUNCT PROPN,11315
PUNCT PROPN ADP,168705
ADP PUNCT PUNCT,14022
PUNCT PUNCT INTJ,4256
PUNCT INTJ PUNCT,8577
INTJ PUNCT DET,705
PUNCT PUNCT VERB,108609
AUX PART PRON,1586
PART PRON PRON,456
PRON PRON PRON,2341
PRON PRON ADV,1611
ADV PRON VERB,10499
NOUN ADP ADV,33278
ADP ADV VERB,14772
VERB DET DET,8114
DET DET NOUN,29678
ADP ADV ADP,7389
ADV ADP ADV,4195
NOUN CCONJ PRON,29157
CCONJ PRON PRON,995
PRON PRON AUX,15001
AUX VERB AUX,3773
VERB AUX PRON,574
AUX PRON AUX,1813
VERB PRON DET,20076
PRON DET ADJ,8503
CCONJ PRON VERB,26642
PRON VERB DET,146621
NOUN SCONJ ADP,8223
SCONJ ADP DET,18526
NOUN VERB PUNCT,94504
ADV PUNCT ADV,18322
NOUN PRON VERB,133538
CCONJ ADV PRON,4556
PRON VERB SCONJ,27973
SCONJ DET AUX,6225
DET AUX DET,24686
AUX DET VERB,13680
DET VERB PUNCT,10989
VERB ADP ADV,26095
ADP ADV CCONJ,1342
ADV CCONJ ADV,8993
PRON PUNCT CCONJ,10174
VERB ADV DET,10676
ADV DET NOUN,51831
NOUN PART ADV,9677
PRON ADP DET,43862
PUNCT PRON ADV,58527
PRON ADV AUX,9318
ADV AUX DET,14953
DET ADJ VERB,24852
PRON PRON DET,471
PRON DET VERB,2714
DET VERB DET,35104
NOUN ADP NUM,282893
ADP NUM NOUN,218787
NUM NOUN PUNCT,301987
PART VERB PART,13283
PART AUX PRON,4270
AUX PRON PRON,2807
ADV ADV PRON,1538
ADV ADJ PART,12022
ADJ PART AUX,6878
PART AUX ADJ,20008
AUX ADJ PART,39527
PART AUX DET,28373
DET PUNCT PUNCT,3926
ADP PROPN DET,16811
PROPN DET VERB,9165
ADP ADJ CCONJ,27299
ADV PUNCT ADJ,25653
NOUN NOUN ADJ,63712
NOUN ADJ PUNCT,30205
ADJ PUNCT DET,35475
ADP PROPN NOUN,122497
VERB DET NUM,35223
DET NUM NOUN,104298
NUM ADP ADP,6514
ADP ADP NUM,29283
ADP NUM PUNCT,363328
NUM PUNCT VERB,98363
NOUN PART NOUN,127625
VERB NOUN ADJ,13336
NOUN ADJ NOUN,97654
PUNCT AUX PRON,5578
ADP PUNCT VERB,12495
ADP ADV ADV,6456
ADV ADV PUNCT,37785
ADV PUNCT PUNCT,27904
VERB SCONJ PUNCT,17840
SCONJ PUNCT DET,5544
PROPN VERB ADV,26969
ADV ADV ADP,68369
PUNCT ADV ADV,48786
PUNCT VERB NUM,66505
VERB NUM ADJ,17544
NUM ADJ NOUN,110523
AUX DET ADV,19454
CCONJ VERB SCONJ,12603
VERB SCONJ PROPN,44584
SCONJ PROPN PROPN,28836
ADJ PUNCT SCONJ,10725
PUNCT SCONJ ADV,9224
SCONJ ADV VERB,4801
PUNCT PUNCT SCONJ,26899
PUNCT SCONJ PART,3698
SCONJ PART VERB,6521
PROPN PART PROPN,141561
PART PROPN PROPN,70849
PUNCT DET ADV,32911
DET ADV DET,470
ADV DET PUNCT,1474
DET PUNCT DET,5452
ADJ PUNCT ADJ,83519
PUNCT ADJ VERB,9207
ADJ VERB ADJ,5289
CCONJ VERB ADJ,29435
ADP DET ADV,48919
DET ADV PUNCT,22065
DET ADJ NUM,42617
ADJ NUM PUNCT,25078
ADV PUNCT PRON,46508
NOUN PART ADJ,39959
ADV PUNCT PART,2380
NOUN ADP CCONJ,11148
ADP CCONJ VERB,7556
NUM PUNCT PUNCT,476177
PRON AUX NUM,24854
AUX NUM NOUN,33931
CCONJ VERB PUNCT,22562
PUNCT PUNCT X,15634
PUNCT X X,10433
X X X,6274
X X NOUN,3859
X NOUN VERB,1466
NOUN VERB NOUN,180469
VERB NOUN NUM,10017
NOUN NUM ADP,27338
ADJ NOUN PRON,72414
PRON PUNCT PUNCT,18848
PUNCT SCONJ VERB,20025
SCONJ VERB DET,9942
NOUN ADV ADV,29449
PRON ADP ADV,1528
ADP ADV PUNCT,14905
ADP PUNCT DET,28482
PUNCT DET PROPN,432658
ADJ PUNCT PRON,26577
PRON VERB PROPN,49401
ADJ PUNCT AUX,4823
ADP PRON AUX,41536
NUM CCONJ NUM,46804
PUNCT NOUN NUM,137421
NOUN NUM VERB,7570
NUM VERB PRON,2476
VERB PRON VERB,25497
PRON VERB ADJ,42504
NOUN ADP SCONJ,6911
ADP SCONJ PRON,6652
CCONJ SCONJ PRON,11637
VERB PUNCT VERB,39928
PUNCT VERB PART,20306
PART VERB PUNCT,58387
PROPN PROPN AUX,203218
VERB ADP SCONJ,8408
ADP SCONJ NOUN,1549
SCONJ NOUN PUNCT,5198
PUNCT VERB SCONJ,32012
NUM NOUN DET,12951
NOUN DET ADJ,29830
ADJ NOUN NUM,20126
NOUN NUM PART,1600
NUM PART PROPN,1480
PART PROPN PART,1876
PART PROPN VERB,3258
AUX ADP ADP,1843
ADJ NOUN ADJ,44059
NOUN ADJ ADP,70978
ADJ ADP NOUN,65996
ADP VERB CCONJ,7553
VERB CCONJ NOUN,8411
NOUN PUNCT AUX,76476
PUNCT AUX PART,15144
VERB PUNCT PART,3552
PUNCT PART ADV,4139
PART ADV AUX,2964
ADV AUX PROPN,1319
AUX PROPN VERB,2127
VERB ADV ADP,116230
NOUN NOUN ADV,37110
VERB ADP VERB,64545
NOUN ADV CCONJ,6440
ADV PUNCT CCONJ,17506
CCONJ AUX PART,13478
ADP PUNCT CCONJ,6465
VERB DET PUNCT,23450
DET PUNCT VERB,4933
PART NOUN PART,11424
NOUN PART AUX,27012
PART AUX PUNCT,4312
ADV VERB SCONJ,25475
VERB SCONJ NOUN,20524
SCONJ NOUN VERB,11739
PUNCT AUX ADV,24707
PART NOUN CCONJ,22381
DET NOUN DET,40835
NOUN DET NUM,3997
DET NUM ADP,5547
VERB DET ADP,15383
DET ADP PROPN,10298
PROPN NUM PART,4239
NUM PART ADJ,722
VERB PROPN DET,9621
PROPN DET NOUN,35689
ADP ADP PROPN,37563
NUM PUNCT ADV,34078
PROPN AUX AUX,34287
AUX AUX NOUN,4965
AUX NOUN SYM,90
NOUN SYM NOUN,15914
SYM NOUN ADV,213
NOUN ADV PART,2656
ADP NOUN DET,15739
NOUN DET NOUN,73475
PRON AUX CCONJ,1503
AUX CCONJ DET,821
PUNCT ADP PUNCT,41327
PUNCT PUNCT ADP,117859
PUNCT ADP NUM,190969
NUM PUNCT PROPN,502036
PROPN VERB PUNCT,56609
AUX ADV NUM,9412
ADV NUM NOUN,43604
NUM NOUN VERB,54827
AUX AUX AUX,8780
AUX AUX PART,2885
ADJ NOUN PART,80323
NOUN SCONJ SCONJ,3220
SCONJ SCONJ DET,5127
NOUN VERB NUM,35343
PUNCT VERB ADV,30922
VERB ADV PUNCT,55057
PUNCT PRON NOUN,202426
VERB NUM NUM,14771
NUM NUM NOUN,98991
VERB DET PRON,2706
DET PRON VERB,20403
SCONJ PRON ADV,8123
CCONJ DET PRON,1433
PUNCT AUX NUM,4351
AUX NUM NUM,1507
NUM NUM PUNCT,84789
VERB DET ADV,20704
NUM NOUN SCONJ,4862
NOUN SCONJ VERB,13525
SCONJ VERB PUNCT,4296
VERB NOUN DET,13631
CCONJ PRON ADJ,12019
DET PUNCT PROPN,31499
PROPN PUNCT NUM,666917
PUNCT NUM NOUN,182267
DET ADJ PROPN,146262
ADJ PROPN PROPN,173284
PRON PRON NOUN,22456
PROPN PROPN NOUN,494657
PROPN PUNCT ADJ,173982
PUNCT ADJ ADJ,78642
PROPN PUNCT NOUN,453413
ADP NOUN CCONJ,144463
DET PROPN ADP,263121
PUNCT PUNCT NOUN,216207
PUNCT PUNCT PUNCT,466614
PUNCT PUNCT PART,4978
PART VERB CCONJ,20647
NOUN AUX ADJ,97817
VERB VERB NOUN,43584
PROPN NOUN CCONJ,44603
PROPN NOUN NOUN,273521
NOUN NOUN NUM,61568
NOUN NUM NUM,62711
NUM NOUN NOUN,148824
NUM NOUN NUM,110347
NOUN NUM NOUN,99302
NUM NUM PROPN,260235
NUM PROPN NUM,381410
PROPN NUM PROPN,393888
NUM PROPN PUNCT,143414
PUNCT PROPN NUM,279343
PROPN NUM VERB,23850
NUM VERB PART,1584
PROPN NUM CCONJ,21815
NUM CCONJ PROPN,11880
CCONJ PROPN NUM,20445
PROPN NUM AUX,9477
NUM AUX AUX,2358
VERB PUNCT ADV,27739
PUNCT DET NUM,42228
DET NUM ADJ,19578
PROPN NUM NUM,249631
PROPN NUM NOUN,100625
PROPN NUM SCONJ,4886
NUM SCONJ VERB,898
SCONJ VERB SCONJ,1130
SCONJ NOUN ADP,11361
ADJ ADV ADP,5818
ADP CCONJ PRON,1055
NUM PROPN AUX,10006
PUNCT VERB X,1734
VERB X PUNCT,876
X PUNCT VERB,3734
NOUN PROPN NUM,46828
ADJ NOUN INTJ,387
NOUN INTJ PUNCT,944
INTJ PUNCT ADV,357
NUM PROPN PROPN,573119
NOUN CCONJ DET,107515
PROPN NUM DET,21511
NUM DET NOUN,24700
PUNCT PUNCT AUX,21379
AUX PART ADJ,14694
PART ADJ ADP,7493
ADJ ADP SCONJ,1463
ADP SCONJ DET,5510
PUNCT SCONJ X,411
SCONJ X X,86
X NOUN AUX,1017
PUNCT NOUN ADV,16845
ADV ADV AUX,3644
AUX ADV DET,29920
ADP DET AUX,11920
DET AUX VERB,54689
VERB NUM CCONJ,3817
NUM VERB NOUN,15897
NUM SCONJ DET,4856
ADP ADJ ADP,26033
ADJ ADP ADV,3981
ADV ADP ADJ,30888
DET PROPN NOUN,225793
PROPN PUNCT X,20453
PUNCT X PUNCT,26667
X PUNCT PUNCT,8121
PUNCT PUNCT ADV,46996
NUM NOUN PROPN,81408
PUNCT NUM X,3481
NUM X DET,244
X DET ADJ,1584
NOUN AUX NOUN,21991
NOUN SCONJ DET,42310
ADJ AUX ADJ,1764
NOUN CCONJ AUX,42173
CCONJ AUX AUX,8973
ADV ADP SCONJ,1117
ADP SCONJ CCONJ,459
SCONJ CCONJ PART,1039
CCONJ PART ADJ,1148
NOUN PUNCT X,23087
X X DET,768
NUM PROPN ADP,51438
CCONJ NUM PROPN,11951
NUM PROPN VERB,21966
NOUN PART DET,2222
PART DET DET,965
ADP NOUN ADJ,17562
ADJ ADP X,518
ADP X ADV,139
X ADV PUNCT,1040
PUNCT AUX AUX,14320
ADP ADP PRON,19360
PRON NOUN ADV,13501
NOUN ADV SCONJ,3412
ADJ PUNCT VERB,28889
PRON NOUN AUX,50739
AUX PUNCT NOUN,3400
DET ADP NOUN,6679
ADP ADV ADJ,18081
AUX ADV PUNCT,11174
PUNCT PART ADJ,1973
PROPN AUX PART,33671
ADP ADP NOUN,32586
NOUN NUM PROPN,74512
NOUN ADP X,4047
NOUN DET AUX,19926
DET AUX AUX,14952
AUX AUX ADV,18244
ADV VERB CCONJ,14860
PROPN AUX ADP,15947
AUX ADP NOUN,23632
NOUN DET PUNCT,4143
PUNCT NOUN PROPN,123687
CCONJ ADP NOUN,16440
PUNCT NOUN ADJ,41182
DET NOUN X,3211
NOUN X ADP,2050
X ADP NOUN,1417
NOUN PROPN ADJ,20702
PROPN ADJ NOUN,78795
PROPN NUM ADJ,16158
CCONJ NOUN PROPN,14968
PUNCT CCONJ PUNCT,38119
CCONJ PUNCT NUM,1330
NUM DET PROPN,28450
PART ADJ PUNCT,11559
DET PROPN NUM,32375
ADJ PART VERB,62202
VERB NUM SYM,4469
NUM SYM NUM,187817
SYM NUM PUNCT,91640
NUM PROPN NOUN,61763
ADP VERB NOUN,82579
PUNCT NOUN CCONJ,94945
PROPN NUM ADP,55993
NUM ADP ADJ,9679
ADP CCONJ ADP,5959
X PUNCT ADP,2207
DET ADV VERB,32192
ADP PUNCT ADJ,18391
DET AUX PART,9201
ADP X PUNCT,1504
X PUNCT ADV,804
PART VERB AUX,21898
VERB AUX PART,21350
PROPN NUM PRON,7139
NUM PRON AUX,11750
PRON AUX ADJ,66351
PUNCT X PRON,2607
X PRON AUX,2038
NOUN AUX ADP,37497
AUX ADP DET,40210
PUNCT NOUN SCONJ,3170
NUM ADP PROPN,65246
AUX ADV AUX,33219
ADV AUX VERB,34170
VERB PUNCT NOUN,54289
PUNCT PROPN DET,17224
NOUN SCONJ ADJ,7864
SCONJ ADJ NOUN,29721
ADV VERB AUX,2000
AUX VERB NOUN,54507
AUX PART PART,886
PART PART AUX,2069
PUNCT PUNCT ADJ,89964
ADJ ADJ PUNCT,34036
PROPN VERB PART,45509
ADP DET PRON,19627
DET PRON AUX,12719
PRON NOUN PROPN,59214
ADP ADP X,223
ADP X X,825
X X PUNCT,7562
ADP ADP VERB,4310
NUM ADP NOUN,27171
NOUN PROPN AUX,22102
VERB NOUN SCONJ,10834
NOUN SCONJ NOUN,13071
PUNCT CCONJ X,1637
CCONJ X PUNCT,534
X PUNCT NUM,2879
PUNCT NUM PROPN,232036
CCONJ PART ADP,1681
PART ADP NOUN,2294
NUM DET ADJ,11305
ADV VERB NUM,10111
AUX AUX ADP,7955
AUX VERB ADJ,48732
ADJ PRON DET,112
PRON DET PROPN,4895
AUX ADV SCONJ,1162
ADV SCONJ NUM,645
SCONJ NUM NOUN,5989
ADP NOUN PROPN,41350
NUM CCONJ NOUN,3345
CCONJ NOUN NUM,3979
PUNCT X NOUN,6195
X NOUN ADP,6474
X PUNCT NOUN,5588
NOUN SCONJ CCONJ,431
SCONJ CCONJ DET,334
ADP PRON ADP,16427
PUNCT NUM CCONJ,11482
NUM NOUN AUX,39904
ADP VERB ADP,56771
AUX PART ADP,4381
PART ADP DET,4288
ADJ VERB DET,4469
DET PROPN SYM,5244
PROPN SYM PROPN,85417
SYM PROPN PROPN,46175
PART ADJ PART,2579
VERB SCONJ SCONJ,6059
AUX AUX ADJ,23713
VERB AUX ADJ,2474
ADV ADJ NUM,2501
PROPN PROPN NUM,589541
NOUN SCONJ PUNCT,4444
SCONJ PUNCT PRON,4185
ADP ADP SCONJ,1169
ADP PRON DET,5141
AUX PUNCT PUNCT,6556
ADJ CCONJ NOUN,14410
AUX ADJ SCONJ,10695
ADJ SCONJ DET,8177
PROPN NOUN PROPN,200475
AUX ADV ADP,18047
DET PROPN ADJ,15646
ADP PUNCT SCONJ,2491
VERB PROPN NUM,40449
PUNCT SCONJ SCONJ,3768
NOUN ADP AUX,10971
ADP AUX AUX,1092
PROPN NUM ADV,4534
NUM ADV ADJ,2949
PUNCT NOUN PRON,19075
PRON AUX PUNCT,14757
AUX PUNCT ADV,7704
ADP VERB AUX,1403
ADJ ADP PUNCT,8421
AUX PART PUNCT,3868
PART PUNCT AUX,881
AUX PRON ADV,2008
PRON ADV CCONJ,1004
PUNCT ADV CCONJ,2367
VERB ADJ ADJ,39386
CCONJ PUNCT ADV,4268
PROPN CCONJ PRON,28431
CCONJ PRON PROPN,4285
PROPN PROPN PART,190394
CCONJ NOUN ADV,7249
PUNCT ADP VERB,42744
ADP VERB SCONJ,4339
SCONJ PUNCT ADP,5270
ADP VERB VERB,5843
NUM PROPN ADV,3182
PROPN ADV SCONJ,782
ADV SCONJ PUNCT,639
SCONJ PUNCT CCONJ,308
CCONJ ADV ADV,11055
CCONJ NOUN VERB,32964
NOUN PUNCT NUM,207137
PUNCT NUM NUM,100075
ADP PRON PUNCT,57423
NOUN VERB CCONJ,15756
DET NOUN ADJ,28322
NOUN ADJ CCONJ,6256
ADJ CCONJ PART,1284
PART AUX AUX,6540
ADJ ADJ PROPN,33136
ADJ PROPN PUNCT,92968
NUM NUM NUM,693560
PUNCT NOUN PART,15319
NOUN PART PART,1699
PART PART VERB,6110
PUNCT DET DET,7523
DET DET PROPN,5828
NOUN VERB X,1622
VERB X VERB,230
X VERB PUNCT,1812
SCONJ PROPN NUM,3073
PART NOUN PROPN,14147
CCONJ SCONJ NOUN,2030
SCONJ NOUN CCONJ,2900
AUX ADJ NOUN,47762
ADP NUM DET,17440
NUM DET ADP,950
NOUN CCONJ PART,7694
ADP NUM CCONJ,51468
NUM CCONJ ADV,5632
CCONJ ADV ADJ,17655
ADP ADJ ADV,2603
ADJ ADV PUNCT,7972
ADV CCONJ ADP,3329
AUX VERB NUM,15793
VERB NUM ADP,20074
ADP DET DET,24672
PART AUX CCONJ,392
AUX CCONJ VERB,1654
ADJ ADP ADJ,38573
PUNCT SCONJ NOUN,21443
VERB CCONJ DET,10079
ADJ CCONJ AUX,5011
CCONJ AUX PRON,2341
AUX PRON VERB,7979
VERB PART PART,2660
PART AUX NUM,2299
AUX NUM ADP,18340
DET NUM VERB,5441
PUNCT PUNCT SYM,3135
PUNCT SYM PUNCT,2240
SYM PUNCT SCONJ,46
NUM PUNCT ADJ,63113
NOUN PUNCT SYM,6021
PUNCT SYM SCONJ,78
SYM SCONJ NOUN,12
PUNCT CCONJ SYM,1154
CCONJ SYM SCONJ,6
SYM SCONJ DET,31
DET VERB ADV,5234
ADP PUNCT PRON,9120
PART VERB ADV,28002
X PUNCT ADJ,1878
NUM PUNCT X,7016
X NOUN CCONJ,1267
ADP CCONJ PUNCT,813
CCONJ PUNCT VERB,5735
CCONJ NUM NOUN,45248
CCONJ PUNCT X,982
PRON PUNCT DET,14428
PROPN NOUN VERB,92893
CCONJ AUX ADV,23677
ADP SCONJ PART,1424
SCONJ PART DET,755
PART DET ADP,364
DET ADP DET,39298
DET PROPN ADV,13140
ADV SCONJ PART,181
PART ADV ADJ,10284
VERB ADP PART,13668
ADP PART VERB,15021
NOUN PUNCT INTJ,3390
VERB VERB SCONJ,2066
VERB PUNCT AUX,6190
ADP AUX VERB,13077
DET ADJ ADV,7321
ADJ ADV VERB,3748
ADP NUM PROPN,155865
VERB VERB ADV,6749
VERB ADV NOUN,7860
ADV NOUN NOUN,8731
NOUN ADJ ADJ,39118
PUNCT NUM ADP,47197
ADP PRON ADV,10153
NOUN CCONJ PUNCT,8711
SCONJ PRON NOUN,23831
NOUN PRON PRON,9162
PART VERB VERB,16087
VERB VERB PRON,7796
PUNCT ADP ADV,13109
ADJ NUM NOUN,35814
ADP PRON NUM,10292
NOUN NUM ADV,2870
NUM ADV PUNCT,6997
NOUN AUX PROPN,21036
AUX PROPN PROPN,25554
NOUN PART PROPN,11528
PART PROPN NOUN,12435
CCONJ ADV AUX,5651
NUM PUNCT PRON,103786
VERB VERB ADJ,11828
VERB PROPN ADV,6780
PROPN DET PROPN,55070
PROPN PART NUM,15769
PART NUM NOUN,20104
PUNCT ADJ NUM,9063
ADJ NUM PROPN,11213
PART PROPN PUNCT,36766
ADJ NUM ADJ,3668
NUM ADJ PROPN,19640
ADJ PROPN ADP,41420
ADP ADJ VERB,7203
VERB VERB CCONJ,3789
PROPN PUNCT PART,15414
PRON PUNCT VERB,11438
ADP ADJ PROPN,60887
ADP NUM VERB,16237
VERB NOUN PRON,15731
CCONJ PRON NUM,1167
PRON NUM ADJ,1734
PROPN PART ADV,7206
PART ADV PUNCT,3269
PROPN CCONJ ADV,15333
ADP PROPN X,3861
PROPN X ADP,701
X ADP PRON,641
AUX ADP PRON,5988
PROPN CCONJ NOUN,38408
PROPN PROPN PRON,31323
PROPN PRON VERB,28461
CCONJ DET ADJ,81267
ADP ADJ PRON,791
AUX DET PROPN,29818
NOUN PRON NOUN,20582
ADP DET ADP,24640
PART VERB NUM,13612
PROPN DET ADJ,17753
PUNCT PUNCT NUM,142347
AUX VERB SCONJ,44061
ADP PRON PROPN,22333
PRON PROPN PUNCT,15257
ADP PART AUX,2385
ADV ADJ ADJ,16733
NOUN PART PUNCT,6322
PART PUNCT VERB,7122
PRON PUNCT ADP,14279
PUNCT ADP ADP,41446
NOUN PROPN CCONJ,23698
PROPN CCONJ ADJ,30313
CCONJ ADJ ADJ,34812
NOUN PROPN ADP,39396
PUNCT ADV NOUN,14009
ADV NOUN ADP,12918
AUX PRON NOUN,10262
NOUN PRON PROPN,16091
PRON PROPN VERB,6363
NUM DET VERB,2478
PROPN NOUN PRON,13794
SCONJ SCONJ PRON,4965
PROPN CCONJ VERB,58558
DET NOUN NUM,16389
NOUN VERB SCONJ,44831
DET ADP ADJ,4151
ADV VERB VERB,11253
PUNCT ADP AUX,6835
VERB SCONJ ADV,4199
DET PROPN AUX,55543
PUNCT PRON ADP,3339
SCONJ VERB PROPN,2598
PRON PROPN ADP,7555
NOUN PROPN PART,9434
PRON PRON PUNCT,823
ADV PROPN ADV,507
PROPN ADV ADV,10518
ADV ADV NOUN,1620
ADV NOUN SCONJ,396
SCONJ ADJ VERB,750
ADJ VERB ADP,8900
ADJ ADP VERB,21744
AUX VERB PROPN,30774
VERB PROPN AUX,8370
NUM NOUN CCONJ,40123
VERB ADP AUX,6236
ADP AUX ADP,1415
NOUN CCONJ SCONJ,7156
DET PROPN CCONJ,64097
PROPN SCONJ VERB,2756
VERB CCONJ ADJ,7699
PRON PUNCT ADV,8181
PROPN DET PRON,618
VERB ADJ SCONJ,4128
ADJ SCONJ ADP,1629
SCONJ ADP PRON,5571
ADP PRON CCONJ,7996
PRON CCONJ PROPN,5755
PROPN ADV NOUN,2139
NOUN PRON ADV,10734
CCONJ ADP PRON,6508
CCONJ DET ADP,4299
DET ADP PRON,12067
VERB PRON SCONJ,7048
PRON SCONJ PRON,5381
PRON PART NOUN,1354
VERB PRON PROPN,13483
SCONJ SCONJ PROPN,1805
ADV ADJ SCONJ,6301
ADJ SCONJ PRON,7943
PUNCT DET ADP,22164
ADV NOUN PART,538
PRON PUNCT PRON,15403
VERB ADV PROPN,3728
ADV PROPN PART,1954
DET ADP VERB,998
ADJ PART ADV,1631
SCONJ PRON ADJ,5887
PROPN VERB NUM,40315
NUM VERB PROPN,10258
PRON ADP ADJ,6838
PUNCT PRON PART,724
PRON PART PROPN,242
PART PROPN ADP,17024
VERB ADJ PROPN,19161
CCONJ AUX ADJ,9984
CCONJ ADV PROPN,4924
ADV PROPN PROPN,21622
PUNCT PART AUX,4330
AUX DET ADP,3465
ADP PRON SCONJ,2545
ADV AUX PUNCT,2132
AUX PUNCT PRON,3149
PART AUX PROPN,3147
AUX PROPN CCONJ,2196
ADV PROPN CCONJ,2321
ADJ PROPN PART,6594
PROPN PART PUNCT,16582
PART PUNCT PROPN,7655
CCONJ NOUN CCONJ,11848
NUM DET AUX,1494
CCONJ DET ADV,5129
NOUN PROPN NOUN,87925
PUNCT PRON ADJ,26347
AUX AUX DET,24352
ADP NOUN SYM,2674
NOUN SYM NUM,11871
ADP PROPN PRON,14051
VERB SCONJ ADJ,14011
CCONJ NOUN DET,4443
PRON VERB AUX,4674
VERB AUX DET,4544
SCONJ SCONJ VERB,557
CCONJ ADV NOUN,4696
AUX NOUN VERB,5197
ADJ PROPN AUX,10601
NOUN ADJ AUX,999
ADJ AUX NOUN,619
AUX NOUN CCONJ,3874
CCONJ DET AUX,6778
DET AUX NOUN,3857
VERB AUX ADV,2708
PRON ADJ PUNCT,12583
VERB PUNCT ADJ,29964
PRON PUNCT SCONJ,4606
ADJ ADP ADP,6798
ADV ADV ADV,7654
PUNCT PROPN PRON,9171
VERB CCONJ AUX,7115
NOUN SCONJ ADV,2704
SCONJ ADV DET,2515
ADV DET PROPN,12066
PROPN PROPN ADJ,56405
PUNCT ADP SCONJ,1763
ADP SCONJ NUM,191
SCONJ NUM VERB,733
NUM VERB ADJ,5120
DET AUX SCONJ,2985
AUX SCONJ DET,4772
NUM CCONJ VERB,15696
VERB SCONJ ADP,10924
SCONJ ADP NUM,2915
NUM NOUN ADJ,24620
NOUN ADJ VERB,3369
ADJ VERB PRON,1524
PRON PART ADV,888
PRON NOUN PRON,13236
NOUN PRON ADJ,4072
PUNCT X PROPN,12387
X PROPN PART,1345
PROPN PART X,477
PART X NOUN,240
ADV ADV X,172
ADV X PRON,107
X PRON X,633
PRON X AUX,393
X AUX VERB,610
VERB ADJ PART,2651
NUM NOUN PART,12645
PART AUX PART,1115
ADV AUX PART,6174
VERB PRON CCONJ,7866
PRON CCONJ VERB,5615
CCONJ VERB ADV,15937
VERB ADV AUX,2214
PRON PUNCT ADJ,5689
PART NOUN SCONJ,4320
NOUN ADV ADJ,10115
PUNCT NUM ADV,4483
ADP ADV NUM,17525
PUNCT SCONJ ADP,16151
NUM ADP PRON,19078
ADJ SCONJ PUNCT,731
SCONJ PUNCT ADJ,1666
DET VERB PRON,10176
CCONJ VERB CCONJ,3199
DET DET CCONJ,107
DET CCONJ PRON,234
CCONJ PRON PUNCT,1922
VERB CCONJ PROPN,3845
PROPN ADV PART,647
DET NUM PROPN,55547
PROPN AUX PUNCT,7717
AUX PUNCT DET,6829
ADP PROPN ADJ,13113
PROPN ADJ NUM,5568
PUNCT AUX PUNCT,3179
PUNCT PART NOUN,1573
DET PRON NOUN,4003
VERB CCONJ INTJ,16
CCONJ INTJ PUNCT,231
INTJ PUNCT PRON,1198
DET ADP PUNCT,3198
AUX PUNCT VERB,8796
ADJ NUM ADP,5465
NOUN PART NUM,4450
CCONJ PUNCT NOUN,8484
PART PUNCT ADV,1560
PRON PROPN ADJ,4106
PROPN ADJ VERB,2208
SCONJ PUNCT NOUN,3273
NUM NOUN PRON,10561
SCONJ NOUN ADV,1293
NOUN ADV AUX,11584
ADV AUX AUX,3327
AUX AUX PRON,2399
AUX PRON DET,1125
PRON DET PUNCT,2370
SCONJ NOUN AUX,21125
NOUN AUX PRON,6961
AUX PRON PUNCT,3143
PUNCT INTJ ADP,471
INTJ ADP PRON,104
PART PUNCT ADJ,2967
PUNCT VERB CCONJ,14080
CCONJ INTJ NOUN,141
INTJ NOUN PUNCT,684
CCONJ ADJ PROPN,17546
PUNCT NUM ADJ,28040
PART NUM NUM,1812
NOUN ADJ SCONJ,1374
ADV NUM ADJ,5117
ADV NOUN PROPN,1706
NUM CCONJ PRON,1993
VERB NUM PROPN,43033
PUNCT NOUN INTJ,919
NOUN INTJ PROPN,888
INTJ PROPN PART,72
PART PROPN CCONJ,4934
PROPN ADP NUM,154673
PROPN PART CCONJ,2676
PART CCONJ PROPN,1809
NOUN NOUN INTJ,897
NOUN INTJ NOUN,1001
INTJ NOUN NOUN,874
NOUN ADJ PROPN,17135
CCONJ ADP NUM,12377
NUM ADP VERB,4242
NUM PUNCT AUX,20194
ADP NUM NUM,16497
CCONJ PROPN CCONJ,15484
NUM VERB NUM,8598
NUM NUM ADJ,14970
PUNCT PROPN X,18714
PROPN X CCONJ,244
X CCONJ PROPN,295
CCONJ PART DET,1830
PART DET PROPN,4059
PUNCT PROPN ADJ,24239
PROPN ADJ PROPN,34644
ADP NUM PART,11319
NUM PART VERB,11425
ADP NUM X,396
NUM X PROPN,2311
X PROPN PROPN,22295
VERB NUM VERB,2762
VERB PROPN INTJ,141
PROPN INTJ PROPN,2276
NUM PUNCT SCONJ,27272
PUNCT SCONJ ADJ,16836
ADV NOUN CCONJ,2474
CCONJ NOUN PRON,8313
SCONJ DET DET,1851
CCONJ ADV DET,11183
CCONJ AUX PUNCT,1003
AUX PUNCT ADP,5991
SCONJ PUNCT SCONJ,2308
SCONJ DET ADV,2241
CCONJ SCONJ DET,9086
AUX ADP VERB,3157
ADP ADJ NUM,13018
ADJ NUM AUX,1343
NUM AUX ADV,3433
DET ADV NUM,887
NOUN CCONJ NUM,31574
CCONJ NUM ADJ,8169
AUX ADP ADJ,10836
NUM AUX VERB,14876
ADV PROPN VERB,3611
ADJ PROPN NUM,16414
ADJ ADJ CCONJ,12680
NUM VERB ADP,22166
PROPN NOUN NUM,61259
ADP AUX DET,5674
PROPN PROPN DET,57245
ADP NUM AUX,7309
ADP AUX NUM,411
CCONJ NUM NUM,3119
PROPN ADJ ADJ,15031
ADV ADP NUM,24935
PROPN CCONJ ADP,15073
CCONJ ADP PROPN,16223
DET AUX CCONJ,297
PROPN NOUN ADV,14563
SCONJ ADJ ADP,3918
NOUN AUX CCONJ,2094
AUX CCONJ PRON,262
SCONJ ADP ADJ,3798
PUNCT PRON CCONJ,4282
PRON CCONJ DET,2511
CCONJ VERB NUM,10711
DET ADJ ADP,28400
PROPN CCONJ PUNCT,4749
VERB ADV CCONJ,11103
ADV CCONJ VERB,8797
PUNCT VERB VERB,17057
DET PROPN SCONJ,3789
PROPN SCONJ DET,9625
NOUN PRON PUNCT,7134
NUM ADP NUM,58585
PRON ADP AUX,857
ADJ PROPN VERB,15360
X PUNCT PRON,1376
X X ADP,996
X ADP DET,2692
ADP CCONJ NOUN,1952
X PUNCT SCONJ,622
X X PRON,763
SYM NUM CCONJ,3700
NUM CCONJ AUX,6283
AUX CCONJ AUX,1127
PRON NOUN NUM,2660
PROPN AUX PROPN,12928
AUX PROPN PUNCT,13832
PROPN SYM NUM,26598
NOUN PROPN SYM,4375
PROPN PUNCT SYM,5985
PUNCT SYM NUM,12991
NUM CCONJ ADP,3725
PUNCT INTJ PROPN,2558
INTJ PROPN PUNCT,1676
PUNCT PROPN SYM,27245
PUNCT SYM PROPN,5185
SYM PROPN PUNCT,25687
VERB ADV SYM,789
ADV SYM NUM,2718
SYM NUM ADV,1106
NUM ADV ADV,1293
ADV ADP ADP,10134
PROPN X PROPN,39024
X PROPN PUNCT,31737
PROPN ADV NUM,2771
ADV NUM PUNCT,6089
ADJ PROPN SYM,1971
PROPN PROPN X,21505
VERB PROPN X,1203
SYM NUM SYM,41470
PUNCT NOUN SYM,8390
PUNCT ADV SYM,551
PROPN PROPN SYM,57017
NOUN DET ADV,4099
NUM ADJ NUM,6402
ADV PROPN NOUN,3450
PRON PUNCT NUM,3859
VERB PUNCT NUM,19838
NOUN PROPN X,3012
ADP PROPN SYM,7125
PUNCT AUX NOUN,4634
AUX NOUN ADJ,1509
AUX PUNCT NUM,1532
SYM NUM NUM,50532
PROPN NOUN ADJ,16195
NUM ADJ PUNCT,8690
CCONJ DET VERB,11727
NUM ADJ ADJ,14645
ADJ PART NOUN,1327
NUM CCONJ DET,9475
PRON NOUN ADJ,17113
ADJ ADJ NUM,2792
PART NUM PUNCT,4810
AUX PUNCT PROPN,5348
ADP NOUN PRON,26566
PRON ADV ADV,5601
PART AUX ADP,6421
VERB ADJ NUM,2493
PROPN AUX NUM,13405
AUX PROPN NUM,1424
ADP NUM ADJ,31396
PROPN CCONJ NUM,11309
NOUN NUM ADJ,6376
PRON ADJ PART,2715
PRON ADJ NUM,3452
PUNCT DET SCONJ,597
DET SCONJ NUM,298
SCONJ NUM ADP,2641
PROPN PART AUX,8130
ADP PUNCT ADP,9747
VERB VERB SYM,173
VERB SYM NUM,11148
SYM NUM ADP,14815
ADJ ADP SYM,1856
ADP SYM NUM,20186
SCONJ NOUN NOUN,9713
SCONJ ADP NOUN,5943
PROPN NOUN PART,18981
NOUN ADV DET,4233
DET VERB PART,4717
ADP NOUN X,1240
NOUN X NOUN,3968
X NOUN PUNCT,12136
PROPN VERB SYM,2122
PUNCT DET PRON,11098
NOUN ADP SYM,9055
PRON PRON ADJ,3819
NUM ADP PUNCT,3799
PART ADJ PROPN,7754
DET PRON PROPN,559
NUM SCONJ PROPN,3209
NOUN ADJ NUM,3762
PUNCT ADP PART,1216
CCONJ SCONJ PUNCT,1579
ADP X PROPN,2548
AUX ADJ ADJ,10522
PUNCT PROPN INTJ,1125
PROPN INTJ PUNCT,1117
INTJ PUNCT PROPN,3231
PART ADJ CCONJ,3177
SCONJ ADV PROPN,582
PRON ADJ PROPN,11217
PUNCT NUM SCONJ,1821
VERB NUM ADV,1108
NUM ADV ADP,3012
DET PROPN X,4091
X PROPN CCONJ,2191
DET PROPN DET,5782
ADJ ADJ PART,534
DET AUX ADP,4481
AUX ADP PROPN,12996
ADP NUM SCONJ,7752
NUM SCONJ PRON,4682
NUM SCONJ ADJ,626
SCONJ ADJ NUM,174
PRON PROPN NOUN,12498
NOUN NUM SCONJ,1293
PRON VERB X,1830
VERB X NOUN,1901
X NOUN NOUN,6012
PUNCT NUM VERB,14694
NUM ADJ CCONJ,2145
ADJ CCONJ NUM,2165
CCONJ NUM ADP,10837
PROPN PROPN SCONJ,18291
PROPN SCONJ PRON,17072
DET PRON ADV,1955
VERB ADJ ADV,2532
ADJ ADV CCONJ,724
ADV CCONJ AUX,2294
PROPN X X,4750
X X PROPN,6202
X PROPN VERB,1742
VERB ADV NUM,10626
PUNCT PROPN SCONJ,2663
ADJ ADP NUM,34477
ADJ PRON ADV,247
NOUN NUM DET,8072
ADV PUNCT NUM,9961
X X ADJ,1022
X ADJ NOUN,5870
VERB ADJ DET,1657
X PROPN SCONJ,108
PUNCT NUM AUX,5093
NUM AUX DET,5317
NOUN PRON DET,5862
PRON DET NOUN,15963
ADP ADV DET,7869
NOUN NUM AUX,4058
NOUN NUM PRON,2719
NUM PRON VERB,12475
PUNCT PRON NUM,1879
NOUN PROPN SCONJ,1175
PROPN SCONJ ADV,728
SCONJ ADV ADV,1318
ADV ADV PROPN,1599
VERB PART ADJ,967
SCONJ PROPN ADV,3037
ADV NUM VERB,1493
NUM VERB CCONJ,1047
VERB ADV PART,6406
ADP SCONJ PROPN,2582
NUM SCONJ ADP,701
NOUN ADV PRON,1897
ADJ PROPN X,733
ADJ ADV NOUN,1281
X PROPN ADP,3524
NUM VERB ADV,1985
PRON ADJ ADV,1166
ADJ ADV PROPN,746
PROPN NOUN DET,15781
SCONJ PRON ADP,537
PART NOUN PRON,2496
PROPN ADV PROPN,4799
PROPN SCONJ NUM,4342
AUX PRON ADJ,9325
NOUN DET ADP,2574
NOUN ADJ ADV,1375
ADJ ADV NUM,403
AUX ADV NOUN,7107
ADV NOUN DET,374
DET VERB CCONJ,2068
PROPN ADV CCONJ,1538
ADV CCONJ PROPN,1113
AUX ADV PROPN,3690
PRON CCONJ PUNCT,224
CCONJ PUNCT PRON,1866
CCONJ ADJ ADV,1597
ADJ NUM NUM,5975
ADJ NUM DET,733
AUX ADV PART,5053
PROPN DET AUX,5354
AUX DET NUM,9216
ADV ADJ VERB,2674
NUM ADP PART,104
SCONJ VERB ADP,16365
ADV DET ADP,2213
ADJ PROPN PRON,2202
NUM VERB DET,12142
DET ADP NUM,2090
CCONJ NUM AUX,2250
VERB CCONJ ADV,7142
AUX SCONJ PROPN,1535
PROPN DET NUM,3502
ADJ ADJ VERB,5630
NUM DET NUM,2045
PART ADP PROPN,2069
ADV NUM ADP,4510
X PROPN AUX,1097
CCONJ VERB VERB,9012
CCONJ ADP ADP,3094
X PROPN ADV,338
NUM ADJ DET,155
PART PROPN PRON,477
PROPN PRON ADJ,1605
PRON ADJ AUX,403
ADJ AUX PROPN,1025
ADV AUX NOUN,3551
ADV AUX ADV,4269
ADJ ADV PRON,275
NOUN SCONJ NUM,7318
SCONJ NUM PUNCT,13509
PROPN ADP AUX,2451
PROPN PRON NOUN,4506
NUM PART NOUN,1677
NUM PROPN X,1901
ADJ CCONJ PROPN,9510
PROPN PRON SCONJ,131
AUX PROPN NOUN,2772
ADJ ADV ADV,2251
ADV ADP AUX,2014
NOUN DET PRON,2521
NUM NUM ADV,1897
SCONJ NUM SCONJ,220
DET NUM PRON,841
NUM CCONJ PART,213
CCONJ ADJ AUX,1443
NUM PROPN DET,6245
PRON ADP NUM,4545
VERB VERB PART,2250
ADJ NUM VERB,1745
PART ADP NUM,827
DET NUM AUX,3399
PUNCT ADV PART,3709
AUX PROPN DET,361
NOUN PROPN ADV,4741
PROPN ADV AUX,6284
ADJ PROPN DET,2637
ADV PROPN NUM,1881
DET ADV NOUN,2276
PROPN PRON PRON,1112
PRON PRON PROPN,7378
SCONJ ADV AUX,553
ADV AUX ADJ,7621
DET AUX PRON,3839
ADP CCONJ PROPN,3170
ADP AUX ADV,2504
NOUN AUX SCONJ,8116
NUM PART AUX,762
PROPN SCONJ NOUN,1939
SCONJ NOUN NUM,557
ADV DET NUM,2220
PUNCT NOUN DET,8695
X PROPN DET,443
AUX AUX NUM,2425
DET ADJ PART,4405
PROPN PART ADP,2714
PROPN DET X,251
DET X PROPN,1996
ADV ADV SCONJ,2280
ADV SCONJ VERB,1591
NUM ADV VERB,5935
PART NOUN DET,2823
PROPN PRON ADV,2677
ADP ADP ADP,2977
NOUN AUX NUM,19760
ADV ADV NUM,6618
ADJ NUM PRON,480
PRON ADP ADP,4922
ADP NUM PRON,11690
NOUN ADV NUM,2219
DET ADJ PRON,1388
ADJ PRON VERB,1725
ADV PART ADV,872
CCONJ PROPN X,1143
ADP ADP ADV,1957
ADP DET CCONJ,1901
DET CCONJ VERB,830
PRON ADJ X,278
ADJ X NOUN,2975
NOUN ADJ PRON,355
PROPN VERB AUX,2064
VERB AUX PROPN,1149
NUM AUX ADP,1486
ADJ NUM CCONJ,1454
ADV PART AUX,3666
CCONJ ADP AUX,283
ADP VERB NUM,4699
NOUN DET DET,1881
PROPN AUX PRON,4882
DET NUM NUM,3986
PROPN ADP ADV,4960
PROPN SCONJ ADP,2411
SCONJ ADP VERB,1128
ADP VERB PART,5740
DET AUX PROPN,2185
X PROPN NOUN,4869
NOUN PROPN PRON,2863
VERB ADV SCONJ,5270
ADV SCONJ NOUN,1447
SCONJ NOUN PROPN,1194
NOUN PRON NUM,3333
PRON NUM PUNCT,4502
PROPN NOUN SCONJ,6734
PROPN PRON PUNCT,6189
NOUN INTJ VERB,236
INTJ VERB PROPN,264
NOUN PROPN DET,8399
PROPN NOUN INTJ,884
SYM PROPN ADP,2836
PROPN NOUN SYM,3814
SYM NUM NOUN,25236
PRON PROPN DET,1779
VERB PUNCT X,4210
NUM PRON PROPN,1311
NOUN NUM X,1105
NUM X X,1484
AUX PART PROPN,979
NUM PRON PRON,370
NUM PART ADP,151
VERB DET AUX,2351
NUM PRON NOUN,1705
NUM PRON ADJ,536
NUM PROPN CCONJ,15180
NUM ADV DET,669
NUM ADV AUX,328
NUM SCONJ NOUN,867
PROPN PRON PROPN,6647
NUM DET ADV,730
ADV ADJ PROPN,8509
NUM ADV PROPN,1490
NUM PROPN PART,7831
SCONJ ADP PROPN,4656
ADV NUM PROPN,4172
NUM ADP SCONJ,65
VERB NUM DET,1416
PROPN NUM SYM,41203
SYM NUM PROPN,45390
ADV DET AUX,1909
CCONJ AUX NOUN,2744
CCONJ PART NOUN,598
AUX SCONJ NUM,229
SCONJ NUM AUX,868
NUM AUX NOUN,1142
PUNCT NUM DET,13027
DET ADV PROPN,1995
PUNCT ADV NUM,16879
PART NOUN ADJ,1950
ADV NOUN ADV,615
VERB VERB NUM,3656
ADV ADJ DET,1869
ADJ DET NUM,355
PART ADJ ADJ,12946
CCONJ PROPN SYM,2127
ADJ DET PROPN,1743
CCONJ DET NUM,8916
AUX ADP NUM,6265
ADP NUM ADV,4441
CCONJ ADV NUM,3428
CCONJ SCONJ NUM,627
CCONJ PRON ADP,684
ADJ SCONJ PROPN,3616
PRON NUM PROPN,2961
PUNCT SCONJ NUM,8596
DET AUX ADJ,11884
PUNCT AUX ADP,5601
PROPN ADJ ADP,6241
PART DET ADJ,5030
NUM PROPN PRON,2472
ADV NOUN PUNCT,13373
PUNCT NUM SYM,63520
NUM PUNCT INTJ,2930
PUNCT INTJ NOUN,3869
INTJ NOUN NUM,4297
PUNCT SCONJ PUNCT,5129
SCONJ NUM PART,342
NUM PART NUM,9759
SCONJ ADJ CCONJ,1231
AUX NOUN NOUN,8836
ADJ AUX VERB,6064
SCONJ ADV PUNCT,2462
SYM NOUN NOUN,7983
DET VERB VERB,4203
ADV NOUN VERB,3860
SCONJ DET ADP,2402
ADP DET PART,1310
DET PART ADV,190
SCONJ SCONJ NOUN,1322
PROPN ADJ CCONJ,2181
PUNCT ADP CCONJ,1598
VERB SCONJ VERB,7020
SCONJ VERB PART,1877
PRON ADV ADJ,7280
NOUN ADJ PART,2934
DET DET PUNCT,1933
PROPN PUNCT INTJ,4490
ADV NOUN AUX,1900
AUX NOUN PART,2092
X PUNCT AUX,816
VERB NOUN SYM,1197
SYM NOUN CCONJ,1228
ADV PROPN PUNCT,12796
DET NOUN SYM,2940
SYM NOUN ADP,3002
PUNCT PART PROPN,901
ADV ADP CCONJ,643
ADP CCONJ DET,6557
ADJ NOUN SYM,3568
PART PROPN AUX,2795
PART PUNCT DET,2044
PUNCT SCONJ AUX,4574
SCONJ AUX PRON,1734
NOUN NUM SYM,12787
PUNCT PART PART,897
ADV ADP PUNCT,4051
ADP NUM SYM,7471
DET PUNCT CCONJ,1910
ADJ PUNCT PART,2259
CCONJ ADP ADV,1665
PROPN SYM NOUN,8452
SYM NOUN PUNCT,10373
SYM PROPN CCONJ,2064
ADJ PROPN ADJ,6382
PRON PUNCT INTJ,266
PART VERB X,838
VERB X DET,618
X DET NOUN,3940
ADJ VERB PROPN,5271
SYM PROPN NOUN,9047
PROPN SCONJ ADJ,1225
ADJ PROPN CCONJ,13446
NUM SCONJ PUNCT,901
PRON ADP SYM,131
NUM CCONJ SYM,1676
CCONJ SYM NUM,2342
PUNCT NUM PRON,3848
PRON VERB SYM,772
CCONJ SYM PROPN,266
DET PRON ADJ,860
CCONJ NUM ADV,1225
ADP PUNCT INTJ,518
INTJ PROPN PROPN,3525
ADP VERB SYM,276
SYM NUM PRON,841
NOUN SYM PROPN,6305
ADJ PUNCT NUM,12176
DET VERB SCONJ,5866
PROPN CCONJ PART,1587
NUM PROPN ADJ,8248
CCONJ PROPN SCONJ,1495
PART PROPN NUM,4715
VERB SCONJ AUX,334
AUX PRON PROPN,1763
VERB DET CCONJ,962
DET CCONJ DET,967
PROPN SYM ADJ,1364
SYM ADJ PROPN,550
PROPN ADP CCONJ,1258
NUM ADP AUX,567
SCONJ PROPN NOUN,4031
CCONJ NUM DET,965
DET PUNCT ADP,4293
ADP AUX ADJ,3778
SYM PROPN SYM,7329
SCONJ ADV NUM,1341
SYM ADJ NOUN,3627
PROPN ADJ SYM,445
ADJ SYM PROPN,981
ADP AUX PART,297
CCONJ PUNCT ADP,7675
CCONJ PROPN DET,4347
PART ADV NOUN,931
VERB CCONJ SCONJ,1463
PROPN SCONJ PUNCT,1875
ADV PRON PRON,563
PRON ADJ VERB,2556
NUM NOUN SYM,5811
AUX SCONJ PRON,4081
DET AUX PUNCT,2135
SCONJ PROPN ADP,1243
PUNCT PART DET,3579
PART DET NOUN,7067
SCONJ ADJ PRON,795
CCONJ PART ADV,1837
PART ADV SCONJ,280
NUM VERB PUNCT,5731
DET ADJ SYM,1567
ADJ SYM NUM,2501
PRON PROPN AUX,4957
ADP AUX PROPN,1048
SCONJ PRON CCONJ,1937
PRON CCONJ PRON,6628
DET ADJ DET,2222
ADJ DET PUNCT,858
SCONJ DET PUNCT,4141
NUM VERB VERB,1837
NOUN PROPN INTJ,606
ADP PRON SYM,438
PRON SYM NUM,556
AUX PRON INTJ,31
PRON INTJ ADP,10
INTJ ADP ADJ,94
PUNCT PRON DET,2751
DET AUX NUM,2169
PUNCT ADV AUX,5054
ADV AUX PRON,2070
AUX PRON PART,1345
VERB CCONJ PRON,4150
DET ADV ADV,5676
PUNCT AUX PROPN,4488
PRON DET ADV,1232
DET ADV ADP,1014
SCONJ PUNCT PROPN,4113
VERB SCONJ PART,2397
SCONJ ADV ADJ,2476
NOUN NOUN SYM,5961
ADP DET X,5167
DET X NOUN,4724
X NOUN ADJ,424
VERB PART ADP,675
PART ADP ADJ,1028
PUNCT CCONJ INTJ,368
ADJ AUX PART,1243
INTJ PUNCT CCONJ,424
PRON DET ADP,538
PRON ADJ ADP,6542
AUX ADJ PROPN,2686
NOUN ADV NOUN,4180
ADV SCONJ DET,7172
PART ADJ VERB,1465
SCONJ DET NUM,6018
PART ADV CCONJ,264
SCONJ VERB ADJ,2848
PROPN PRON ADP,2077
PRON PROPN NUM,3345
ADV AUX ADP,2012
CCONJ NOUN SYM,1202
AUX NUM PUNCT,7481
PRON PROPN CCONJ,3235
NUM VERB SCONJ,2149
SCONJ ADV PART,149
ADV PART PROPN,114
PROPN ADP SYM,1648
NUM NUM PART,1392
PART ADJ ADV,1443
AUX SCONJ VERB,1622
ADV AUX NUM,1840
PRON PRON NUM,432
VERB AUX VERB,8574
DET PUNCT NUM,2711
CCONJ PUNCT ADJ,6000
PART NUM ADJ,2135
ADP PUNCT NUM,7238
NUM VERB SYM,253
NUM PUNCT SYM,7780
NUM AUX PROPN,1215
ADP ADP AUX,516
PRON NUM VERB,500
PROPN CCONJ SCONJ,1862
SCONJ PRON PUNCT,3550
ADV PRON ADP,217
X PUNCT PROPN,13264
PUNCT ADJ ADV,3722
PRON PART AUX,5383
ADJ ADJ ADP,5246
ADV NOUN PRON,762
AUX NUM ADJ,7396
VERB PART CCONJ,165
PART CCONJ VERB,458
PUNCT ADJ PART,3175
ADP ADV PROPN,1684
PUNCT PART PRON,531
PRON NOUN SCONJ,7876
ADP PRON PRON,8177
ADV NUM CCONJ,1010
CCONJ NOUN PART,8967
NOUN ADV PROPN,2882
DET CCONJ SCONJ,53
SYM NUM VERB,2940
PUNCT NUM PART,2179
PART NUM PROPN,4557
CCONJ AUX NUM,2102
ADP PUNCT AUX,1439
CCONJ ADP PUNCT,2363
CCONJ DET PUNCT,4459
ADJ ADJ PRON,225
NUM AUX PART,6541
ADV DET VERB,2727
NUM X PUNCT,1847
X PUNCT DET,3634
VERB NUM INTJ,48
NUM INTJ ADP,54
INTJ ADP DET,406
ADV NUM PART,778
PRON VERB CCONJ,7609
PROPN PROPN INTJ,3147
PART PUNCT NOUN,3939
CCONJ PUNCT DET,4433
PROPN PART DET,3148
VERB CCONJ ADP,3316
ADV PUNCT SYM,300
NOUN X ADJ,800
DET X ADP,135
X ADP PUNCT,1224
PRON SCONJ ADP,447
PART ADV DET,2167
ADP CCONJ ADJ,2392
CCONJ ADJ CCONJ,6167
ADJ PROPN SCONJ,946
ADJ ADJ SYM,597
ADJ SYM NOUN,1241
ADP ADJ DET,2321
ADJ DET ADJ,2328
AUX CCONJ ADP,167
AUX PART NOUN,1656
CCONJ ADJ NUM,1656
PUNCT NOUN X,4734
NOUN X PUNCT,3496
AUX PART DET,7652
ADV PRON NOUN,3493
AUX PUNCT X,449
PUNCT X ADV,1321
X ADV VERB,812
ADP PRON X,874
PRON X X,189
VERB PRON X,668
PRON X PUNCT,265
ADP X DET,952
ADJ X PUNCT,318
SCONJ PUNCT X,936
PUNCT X SCONJ,706
X SCONJ PRON,470
NUM VERB X,58
X DET PROPN,1561
DET DET ADV,558
NUM CCONJ PUNCT,1064
AUX PROPN PRON,702
X ADV NUM,80
AUX VERB X,785
VERB X AUX,37
X AUX ADV,208
ADJ ADJ X,404
NOUN AUX X,723
AUX X PROPN,98
X NOUN ADV,378
VERB DET X,1581
X PRON VERB,1147
INTJ PUNCT X,121
PUNCT X INTJ,135
X INTJ PUNCT,162
INTJ PUNCT PART,87
PUNCT X VERB,3965
X VERB PRON,644
PUNCT X AUX,443
X AUX ADJ,133
VERB ADP X,1889
ADP X PRON,614
SCONJ PRON X,275
PRON X ADV,234
VERB X ADP,998
PRON AUX X,983
AUX X PART,191
X PART VERB,720
DET X ADJ,1969
ADP ADJ X,670
ADJ X VERB,171
X VERB ADP,2182
ADV NOUN NUM,733
PUNCT PRON X,808
PRON X VERB,769
PRON X NOUN,1123
PRON CCONJ X,56
CCONJ X PRON,239
X PRON NOUN,725
PRON PUNCT X,702
NUM ADJ ADP,2445
PRON PROPN PART,1872
INTJ PUNCT ADP,821
VERB CCONJ NUM,2388
PUNCT X ADJ,2070
PRON SCONJ SCONJ,301
PRON DET X,96
AUX DET X,827
CCONJ VERB X,353
VERB X PRON,720
DET PUNCT X,519
VERB ADV X,256
ADV X X,155
ADP X NOUN,1950
CCONJ PRON X,243
PUNCT X DET,3849
X DET AUX,271
AUX PUNCT INTJ,144
INTJ PUNCT VERB,548
AUX DET PART,144
DET PART VERB,1759
SCONJ PROPN PRON,525
PUNCT DET X,1797
PUNCT ADP X,1092
PRON CCONJ NOUN,850
VERB SCONJ X,319
SCONJ X PRON,272
X PRON ADP,163
AUX X AUX,208
ADV PUNCT X,1256
ADP X AUX,35
DET X VERB,418
PUNCT X ADP,2895
AUX ADV X,404
ADV X VERB,548
PRON NOUN DET,7865
NOUN X SCONJ,203
AUX X ADV,565
X ADV ADJ,602
ADJ ADP PART,536
X ADJ ADJ,802
DET ADJ X,1857
AUX X VERB,1068
PRON NOUN X,702
NOUN X CCONJ,440
X CCONJ ADV,109
NOUN ADP PART,3169
PART PUNCT X,139
ADJ PUNCT X,1952
PART ADJ PRON,194
X VERB PART,265
PRON PRON X,252
ADJ NOUN X,2853
NOUN X ADV,398
X ADV ADV,302
PROPN ADP X,1287
VERB ADP SYM,4715
NOUN VERB SYM,2469
PRON PART PART,454
VERB PROPN SYM,2111
SYM NUM PART,1464
AUX ADJ PRON,1135
PRON AUX SYM,146
AUX SYM NUM,2708
NUM PART PART,60
CCONJ AUX PROPN,715
NUM NUM ADP,12777
CCONJ NOUN X,519
ADV VERB X,506
PROPN X DET,525
NUM ADP X,257
PROPN X VERB,1132
PART AUX X,160
AUX X ADJ,352
X ADJ CCONJ,329
ADV X ADV,180
PROPN X ADV,280
X VERB DET,1266
PART AUX NOUN,5698
AUX NOUN ADV,1080
NOUN X X,3014
PRON NUM ADP,1223
NOUN X AUX,525
X AUX DET,286
AUX ADJ AUX,747
AUX AUX X,288
X ADJ PUNCT,1555
ADV DET DET,1428
VERB X ADV,294
X PRON ADJ,147
ADV SCONJ PROPN,2758
PRON SCONJ DET,1523
NOUN PRON X,346
PRON X DET,209
X DET VERB,225
PUNCT X CCONJ,1114
X CCONJ AUX,94
PART VERB SYM,1198
AUX NUM PROPN,2161
AUX PUNCT SCONJ,1168
SCONJ PART ADJ,452
PART NOUN X,188
SYM NUM DET,4073
X ADP NUM,642
VERB X PROPN,1980
X DET PUNCT,377
PROPN X SCONJ,47
X SCONJ SYM,4
SCONJ SYM NUM,129
SYM NUM AUX,1961
PROPN X PUNCT,3729
AUX X ADP,147
SCONJ X VERB,77
DET ADV CCONJ,724
X ADJ ADP,606
INTJ PUNCT PUNCT,2261
X NOUN PART,473
ADJ CCONJ X,298
CCONJ X VERB,554
AUX PART X,162
PART X VERB,512
X VERB ADV,362
CCONJ DET X,460
NOUN SCONJ X,230
SCONJ X NOUN,122
PUNCT VERB AUX,2637
ADP ADJ PART,1206
X ADJ PROPN,966
DET VERB AUX,1159
DET VERB SYM,745
CCONJ SCONJ ADJ,1684
SCONJ ADJ AUX,799
ADJ AUX PRON,415
NUM PRON ADV,1058
SCONJ VERB ADV,1827
SCONJ SCONJ SCONJ,147
AUX ADJ NUM,694
ADJ SCONJ VERB,1467
CCONJ AUX ADP,2607
NUM ADJ VERB,1389
ADJ VERB SCONJ,855
AUX CCONJ SCONJ,176
X NOUN PROPN,1899
PROPN X NOUN,5196
PROPN NOUN X,3761
NOUN X PROPN,6773
ADJ VERB X,61
INTJ NOUN VERB,120
VERB PUNCT INTJ,1002
CCONJ PRON INTJ,13
PRON INTJ SCONJ,9
INTJ SCONJ PROPN,28
PROPN DET ADV,1568
PRON DET PART,62
VERB VERB AUX,293
VERB AUX ADP,1249
PRON SCONJ PROPN,1094
PRON AUX SCONJ,1257
PRON CCONJ ADP,613
PRON ADP CCONJ,774
SCONJ PRON DET,576
VERB PROPN SCONJ,5537
VERB NUM PRON,316
PUNCT ADJ AUX,2639
ADJ AUX ADV,2002
ADV ADV PART,1681
PRON NOUN SYM,341
CCONJ NUM PRON,724
VERB PART PUNCT,2546
PROPN DET PUNCT,2280
PROPN DET ADP,615
SCONJ PUNCT PUNCT,2494
ADJ ADP AUX,1494
SYM PROPN NUM,9963
NOUN VERB AUX,6231
SCONJ NUM PROPN,1888
NUM PUNCT PART,3745
NUM NUM VERB,7464
AUX ADJ VERB,2491
SCONJ VERB NOUN,5978
ADV PRON PROPN,516
SCONJ PART ADV,1052
ADJ VERB ADV,1052
ADJ SCONJ ADJ,1408
SCONJ ADJ ADJ,4286
CCONJ PART PART,427
ADJ VERB VERB,1173
ADV SCONJ ADP,1721
PROPN DET DET,689
NUM ADV NUM,1221
CCONJ NOUN SCONJ,3270
SCONJ ADJ PUNCT,3789
ADP ADV PRON,1297
NOUN PRON ADP,1441
ADV ADP PART,1254
PROPN ADJ PART,463
PUNCT DET PART,310
SYM PROPN ADV,330
AUX NOUN DET,626
ADP SCONJ ADJ,1642
NOUN ADJ SYM,819
DET NUM ADV,1954
ADV ADJ AUX,2111
CCONJ PROPN PRON,2242
DET DET NUM,944
PART PUNCT ADP,1743
ADJ PRON NOUN,834
ADJ AUX ADP,751
ADP ADV AUX,1048
PROPN SCONJ PART,286
CCONJ SCONJ PART,527
AUX SCONJ PART,92
PROPN AUX CCONJ,634
AUX CCONJ PUNCT,136
CCONJ PUNCT CCONJ,479
ADV PROPN PRON,308
VERB AUX PUNCT,987
PROPN ADV DET,1751
ADV CCONJ DET,1868
ADV ADJ SYM,156
SYM PROPN PRON,203
CCONJ NOUN ADJ,5198
ADV ADV CCONJ,2959
ADV CCONJ NOUN,1067
SCONJ PRON SYM,59
PRON SYM PRON,1073
SYM PRON NOUN,564
VERB SYM VERB,467
SYM VERB NOUN,717
NOUN SYM ADJ,1645
AUX ADP AUX,125
X VERB NOUN,1600
PUNCT AUX SCONJ,873
SYM NUM X,477
PART PUNCT PRON,1555
AUX VERB SYM,1847
ADV SCONJ ADV,497
PUNCT PART NUM,216
DET PUNCT AUX,892
PROPN ADV ADJ,2642
SCONJ ADP PART,1077
ADP PART DET,174
PART DET PRON,1019
AUX AUX PROPN,2123
DET DET VERB,1659
AUX NUM CCONJ,1659
AUX ADV CCONJ,1818
PART ADJ SCONJ,1064
DET SCONJ VERB,243
CCONJ PART PROPN,397
VERB PROPN PRON,4058
VERB DET PART,791
ADJ PART PUNCT,538
ADP SCONJ ADV,472
PUNCT SCONJ CCONJ,670
NUM DET PUNCT,1746
INTJ PUNCT NOUN,1428
ADV ADJ PRON,948
CCONJ ADV SCONJ,2221
CCONJ PUNCT AUX,856
ADV PRON ADV,950
ADP ADV NOUN,1664
PUNCT VERB INTJ,274
VERB INTJ PUNCT,481
PART PUNCT NUM,973
PROPN X NUM,3389
X NUM PUNCT,6883
PART PUNCT PUNCT,2105
ADJ CCONJ SCONJ,1036
CCONJ SCONJ VERB,1307
SCONJ SCONJ ADJ,779
NOUN CCONJ X,1202
CCONJ X NUM,117
X NUM ADJ,232
CCONJ ADJ PRON,323
NOUN AUX SYM,1995
PUNCT ADP SYM,1399
DET ADP X,427
DET NUM SYM,4059
NUM ADP SYM,1230
PUNCT X NUM,4797
X NUM NOUN,1730
ADP PUNCT X,1205
PART NUM VERB,812
CCONJ NUM VERB,3778
DET NUM CCONJ,3198
ADJ SCONJ NOUN,1886
CCONJ DET DET,1303
ADV CCONJ ADJ,1438
SCONJ PRON NUM,352
CCONJ PROPN ADJ,3151
CCONJ ADP PART,414
ADP PART PART,281
SCONJ ADP PUNCT,448
CCONJ PRON CCONJ,869
ADV CCONJ PRON,1171
PRON DET AUX,744
SCONJ AUX VERB,2148
SCONJ AUX PART,274
PART PRON AUX,517
SCONJ VERB PRON,2886
SCONJ ADJ PROPN,2041
DET PART NOUN,186
AUX CCONJ ADJ,862
VERB DET SYM,2378
DET SYM NUM,6206
AUX PUNCT AUX,1103
SYM NUM ADJ,3773
ADV CCONJ PUNCT,376
ADV ADV SYM,243
PUNCT DET SYM,775
SCONJ DET PRON,786
DET PRON CCONJ,383
PROPN SCONJ SCONJ,780
PRON ADV PRON,411
CCONJ ADJ PART,1775
NUM AUX SCONJ,176
ADJ CCONJ PRON,2648
AUX NOUN PRON,1960
AUX AUX CCONJ,520
AUX CCONJ PART,103
NUM PRON CCONJ,171
ADV NUM NUM,3827
PUNCT PART ADP,1407
PART ADP ADV,171
ADJ X PROPN,936
NOUN NOUN X,4616
AUX SCONJ ADP,711
ADJ PROPN ADV,2576
AUX SCONJ ADJ,817
DET ADP PART,43
VERB SCONJ NUM,5717
SCONJ PUNCT ADV,1609
SCONJ VERB AUX,355
CCONJ NUM SCONJ,254
SCONJ NOUN PART,897
PROPN AUX SCONJ,1268
PUNCT ADJ SCONJ,1532
SCONJ PUNCT VERB,1762
ADV PROPN ADP,3176
NOUN ADV INTJ,105
ADV INTJ PROPN,50
PUNCT INTJ ADV,212
INTJ ADV NOUN,24
AUX NOUN SCONJ,1504
AUX CCONJ PROPN,205
SCONJ ADP ADV,459
PRON X PROPN,494
AUX PROPN ADP,3427
VERB AUX AUX,1826
NUM NUM DET,5631
SCONJ NOUN SYM,68
NUM NOUN X,1167
NUM NUM SYM,19410
NUM PRON DET,196
CCONJ SCONJ ADP,1300
PRON DET NUM,445
PART PROPN DET,803
PRON ADJ SCONJ,887
ADJ SCONJ NUM,713
SCONJ NUM CCONJ,1013
PRON CCONJ SCONJ,366
DET DET AUX,606
PUNCT AUX CCONJ,349
AUX CCONJ NOUN,332
CCONJ ADJ SCONJ,654
ADP ADJ SCONJ,737
SCONJ VERB CCONJ,623
VERB CCONJ PART,1487
CCONJ PART PUNCT,1131
CCONJ SCONJ SCONJ,318
CCONJ ADV CCONJ,969
AUX NOUN PROPN,1179
NUM SCONJ SCONJ,133
X PUNCT X,1440
X SCONJ DET,382
SYM NUM SCONJ,504
PROPN ADP SCONJ,631
SCONJ ADV PRON,1341
VERB NUM PART,1665
SCONJ ADV SCONJ,391
CCONJ PUNCT PUNCT,2038
SCONJ ADV CCONJ,148
ADV CCONJ PART,444
SYM PROPN AUX,851
CCONJ PRON PART,160
DET X PUNCT,324
AUX ADV INTJ,49
ADV INTJ AUX,21
INTJ AUX NOUN,17
PRON ADV INTJ,33
ADV INTJ PUNCT,117
DET NUM SCONJ,143
X ADP PROPN,1496
PROPN X INTJ,90
X INTJ NOUN,51
INTJ NOUN PROPN,448
INTJ PROPN ADP,353
AUX ADJ INTJ,14
ADJ INTJ PROPN,114
X NOUN NUM,836
PROPN INTJ NOUN,825
ADV PROPN ADJ,350
AUX DET CCONJ,203
DET CCONJ PUNCT,173
PRON CCONJ NUM,261
SCONJ SCONJ ADV,240
PUNCT DET CCONJ,769
DET CCONJ ADJ,670
ADP PART NOUN,289
SCONJ PART NOUN,144
ADP SCONJ ADP,469
VERB NUM X,81
INTJ PUNCT INTJ,402
VERB INTJ NOUN,231
NOUN PRON CCONJ,922
ADJ SCONJ CCONJ,285
SCONJ CCONJ ADV,627
ADJ ADJ SCONJ,227
ADJ ADJ AUX,508
PART PRON DET,235
DET ADV AUX,1584
ADJ ADV ADJ,4149
SCONJ DET CCONJ,147
SCONJ X PUNCT,88
ADJ SCONJ SCONJ,386
NUM SYM NOUN,2548
ADJ ADV SCONJ,818
ADJ SCONJ ADV,476
PRON CCONJ INTJ,12
CCONJ PRON DET,548
SYM NOUN AUX,553
ADJ DET AUX,324
SCONJ ADV ADP,1579
SCONJ SCONJ ADP,469
ADP AUX PRON,526
ADV ADJ ADV,2591
VERB PART NOUN,1677
ADV SCONJ ADJ,1359
AUX SCONJ PUNCT,603
X ADP VERB,248
ADV PART NUM,524
PROPN NUM INTJ,946
NUM INTJ PROPN,780
ADJ VERB NUM,1162
NUM INTJ ADJ,68
INTJ ADJ PROPN,136
INTJ ADJ NOUN,334
NUM INTJ NOUN,378
ADV PART NOUN,316
PART PRON VERB,651
DET DET ADP,391
PART X ADV,49
X NUM PROPN,1337
PROPN X SYM,150
X SYM PROPN,206
SYM PROPN ADJ,875
X SYM ADJ,12
SYM ADJ ADJ,441
CCONJ PUNCT PART,366
ADP SYM NOUN,575
PART PROPN SCONJ,279
PRON SCONJ VERB,482
INTJ PUNCT ADJ,400
ADP PART ADV,691
PRON ADV SCONJ,439
CCONJ SCONJ ADV,820
ADJ AUX CCONJ,29
PRON PART PUNCT,427
PRON CCONJ PART,344
AUX AUX SCONJ,648
ADV PRON DET,210
PROPN CCONJ X,542
CCONJ X PROPN,667
PUNCT ADV X,593
ADV X PUNCT,179
ADJ VERB PART,948
ADP X ADP,370
X ADP ADP,204
ADV PRON CCONJ,159
PRON CCONJ ADV,916
CCONJ X NOUN,777
DET PUNCT SCONJ,1279
NUM DET CCONJ,148
DET CCONJ ADP,151
ADJ NUM ADV,604
NUM ADV NOUN,723
ADV NOUN ADJ,1138
INTJ PUNCT NUM,1048
PROPN PRON NUM,1423
X PROPN NUM,2655
X PROPN PRON,220
PART PROPN ADJ,944
PRON PROPN ADV,990
PART PRON PROPN,396
VERB AUX CCONJ,76
PROPN ADV PRON,454
NUM PROPN SYM,11797
ADJ SYM ADJ,1791
PRON DET DET,324
NOUN PART CCONJ,1458
PART CCONJ ADV,83
AUX ADV PRON,1304
ADP PUNCT PART,638
PRON PROPN PRON,820
ADP DET SYM,2518
DET DET PRON,257
PUNCT INTJ AUX,232
INTJ AUX PART,124
AUX SCONJ AUX,751
SCONJ PRON PROPN,1087
AUX ADP ADV,1703
PROPN ADJ ADV,542
PUNCT CCONJ CCONJ,685
CCONJ CCONJ ADP,74
SCONJ AUX ADP,181
ADP ADP CCONJ,608
ADP CCONJ SYM,12
CCONJ SYM PUNCT,402
SYM PUNCT DET,215
ADP ADP SYM,858
ADP SYM CCONJ,29
SYM CCONJ PUNCT,96
PUNCT PART PUNCT,1269
NOUN CCONJ SYM,1251
SYM PUNCT ADV,92
CCONJ CCONJ AUX,51
AUX ADP CCONJ,311
PUNCT AUX SYM,104
AUX SYM AUX,159
SYM AUX PART,98
X X SYM,203
X SYM PRON,6
SYM PRON SYM,86
PRON SYM DET,6
SYM DET PUNCT,205
SCONJ PUNCT AUX,413
DET SYM DET,11
NOUN DET X,263
DET X X,1213
ADP SCONJ VERB,694
CCONJ CCONJ ADV,35
SCONJ PROPN SYM,194
SYM NOUN SYM,2153
ADV VERB SYM,662
VERB SYM NOUN,643
SYM NOUN PROPN,2994
PROPN SYM VERB,544
SYM VERB SYM,82
ADV PROPN SYM,264
SYM PROPN VERB,1435
DET CCONJ NOUN,439
SCONJ ADJ ADV,182
ADJ ADV DET,556
NOUN X VERB,1108
DET PUNCT PART,194
ADP ADP PART,2046
ADP PART NUM,4967
CCONJ NUM SYM,903
AUX NUM SYM,353
CCONJ PART AUX,953
PUNCT ADJ DET,870
PART CCONJ NOUN,1082
NUM SYM X,114
SYM X PUNCT,342
NUM NUM CCONJ,2760
ADJ ADP CCONJ,1339
PRON ADP PART,353
PUNCT VERB SYM,1820
PART AUX SCONJ,223
NUM AUX ADJ,2301
VERB AUX SCONJ,529
PRON AUX INTJ,166
AUX INTJ PUNCT,131
ADV PART DET,350
ADJ PRON ADP,122
ADP SCONJ PUNCT,483
CCONJ VERB SYM,699
NUM ADV CCONJ,292
ADV CCONJ SYM,19
PART DET ADV,356
PART PUNCT CCONJ,1039
X CCONJ PUNCT,373
AUX DET AUX,663
ADP SCONJ SCONJ,172
NUM NUM AUX,3522
VERB PART DET,406
PART NUM SYM,396
ADJ PART DET,98
NUM DET SCONJ,38
DET SCONJ PRON,337
PART ADP X,27
PRON ADP SCONJ,375
DET ADJ SCONJ,1030
PART ADP PUNCT,516
PRON X PART,44
X PART AUX,144
DET PART AUX,496
PRON PUNCT PART,913
PUNCT ADJ PRON,636
ADJ PRON PUNCT,474
PART PRON PUNCT,348
VERB SCONJ CCONJ,1039
VERB ADJ X,363
ADJ X X,468
X X VERB,797
SYM PROPN DET,468
SYM NOUN VERB,1082
AUX NUM ADV,395
ADV PART ADJ,799
ADV X NOUN,185
AUX SCONJ NOUN,1124
ADJ ADJ ADV,833
PRON NUM PART,52
X X ADV,348
NOUN X INTJ,44
CCONJ X X,337
X ADV AUX,140
PUNCT X SYM,325
DET ADP SCONJ,32
AUX X PRON,76
SYM PUNCT NOUN,920
NUM SYM ADJ,336
ADJ X ADJ,692
PRON ADV DET,526
ADV PRON PUNCT,643
X CCONJ ADP,163
AUX NUM VERB,1311
NUM ADP ADV,2064
PRON PART ADP,105
SCONJ ADP ADP,644
AUX PUNCT PART,1180
VERB X ADJ,594
PUNCT SYM NOUN,2301
SYM PROPN X,316
DET X NUM,131
ADP X SCONJ,55
X SCONJ PROPN,136
NOUN SYM VERB,852
SYM VERB AUX,8
SCONJ NOUN X,80
ADV PROPN SCONJ,58
CCONJ X ADV,245
SCONJ ADV NOUN,477
NOUN SCONJ AUX,712
SCONJ AUX ADJ,447
SCONJ ADJ DET,598
CCONJ AUX SCONJ,305
PRON ADV NOUN,607
PART AUX INTJ,8
CCONJ PUNCT INTJ,213
ADJ NUM PART,812
NOUN DET CCONJ,232
DET CCONJ NUM,446
CCONJ ADV PART,1646
SCONJ PROPN ADJ,273
SCONJ VERB VERB,785
ADP ADV PART,468
NOUN DET SCONJ,103
PROPN SCONJ CCONJ,128
SCONJ CCONJ AUX,92
AUX INTJ PRON,11
INTJ PRON AUX,382
ADV PUNCT INTJ,279
INTJ AUX VERB,112
NUM PART PUNCT,645
NUM AUX NUM,1142
PART ADJ NUM,1982
NUM SCONJ ADV,257
SCONJ VERB NUM,709
SCONJ AUX ADV,443
DET DET DET,171
SCONJ AUX DET,1367
CCONJ CCONJ NOUN,302
NUM ADP CCONJ,343
AUX ADP SCONJ,210
ADV X PROPN,234
ADV SCONJ AUX,156
ADV CCONJ SCONJ,407
CCONJ SCONJ AUX,264
PROPN ADJ SCONJ,258
PROPN ADJ DET,363
AUX PROPN SYM,178
NUM SYM PUNCT,509
SYM PUNCT PUNCT,511
CCONJ NUM X,158
NUM X NOUN,1331
NOUN X NUM,1374
PROPN CCONJ CCONJ,712
CCONJ CCONJ VERB,179
SYM ADJ PUNCT,644
NUM NUM SCONJ,288
NUM SCONJ AUX,125
VERB X SYM,20
X SYM NUM,504
PROPN CCONJ SYM,574
NUM X CCONJ,39
X CCONJ X,459
PROPN X ADJ,780
PART NOUN SYM,271
ADP X SYM,44
X PROPN SYM,424
PROPN VERB X,1127
PROPN SYM X,213
SYM X ADP,48
NUM X ADP,151
X ADP ADJ,580
ADP ADJ SYM,495
PART CCONJ DET,303
ADP X VERB,503
ADJ DET VERB,515
SCONJ ADP AUX,61
SCONJ NOUN PRON,861
PART NOUN NUM,2824
ADJ DET X,32
VERB CCONJ PUNCT,1233
PART ADP VERB,368
AUX PART CCONJ,208
PART CCONJ PRON,125
CCONJ NUM CCONJ,2321
PART CCONJ ADJ,205
CCONJ NUM PART,707
NUM PART SYM,598
PART SYM NUM,1455
VERB VERB INTJ,120
NUM ADJ ADV,315
ADV DET PRON,568
ADV PART PUNCT,227
PRON ADV PART,562
AUX NOUN NUM,587
ADV NUM DET,276
NUM X VERB,196
SCONJ NUM ADJ,1049
ADJ VERB CCONJ,735
ADP AUX NOUN,1054
PART DET VERB,483
PART CCONJ PUNCT,234
PRON SCONJ NOUN,361
PRON SCONJ AUX,49
PROPN PART PRON,475
ADP AUX PUNCT,1443
AUX ADJ DET,1293
ADP ADV SYM,747
CCONJ CCONJ PUNCT,307
PART PUNCT SCONJ,412
DET AUX X,148
AUX X DET,178
PART NUM ADV,228
ADV SCONJ SCONJ,440
NUM ADJ AUX,293
X PUNCT CCONJ,1001
ADV X DET,103
SCONJ PART PART,48
X PRON PART,29
PRON X ADP,188
PUNCT PART SCONJ,205
PART SCONJ PRON,360
SCONJ SCONJ NUM,229
AUX NUM PART,410
PART ADP PRON,989
PROPN PRON DET,659
PART ADV PRON,270
CCONJ PUNCT SCONJ,1894
DET DET X,134
NUM PRON NUM,143
PROPN PRON CCONJ,594
DET CCONJ PROPN,382
PROPN SCONJ AUX,314
SCONJ AUX PROPN,407
AUX PROPN ADV,371
VERB AUX NUM,451
INTJ PUNCT SCONJ,260
DET ADP ADP,548
NOUN SYM SYM,186
SYM SYM NOUN,187
ADV PROPN DET,218
SCONJ NOUN ADJ,520
VERB VERB X,185
VERB X X,894
SYM NOUN ADJ,597
X ADV DET,185
PUNCT NUM INTJ,560
NUM INTJ PUNCT,654
PROPN ADV SYM,104
ADV SYM PROPN,131
PROPN SYM PUNCT,565
SYM PUNCT PROPN,1989
CCONJ VERB AUX,573
NUM X ADJ,349
PROPN SYM DET,4034
SYM DET NOUN,1014
SYM DET PROPN,2985
SYM DET ADJ,485
SYM DET NUM,2461
NOUN SYM DET,506
SYM NOUN NUM,1621
NOUN X DET,531
SCONJ NUM DET,476
DET NUM DET,520
ADP PART SYM,415
DET DET PART,16
PRON NUM AUX,190
ADJ PART NUM,121
DET ADP ADV,483
X PROPN X,2865
ADV PROPN X,187
AUX ADP X,124
X NOUN PRON,617
NUM AUX PUNCT,637
VERB AUX NOUN,1009
PART NUM PART,77
ADV ADJ X,380
AUX ADV SYM,304
DET NOUN INTJ,320
NOUN INTJ DET,145
INTJ DET NOUN,310
VERB SCONJ SYM,84
NOUN PART ADP,1038
PART PRON NOUN,575
CCONJ DET CCONJ,147
ADJ AUX PUNCT,450
ADJ AUX SCONJ,328
SCONJ NUM NUM,338
CCONJ SYM DET,1441
NUM SCONJ NUM,591
SYM VERB SCONJ,11
SYM VERB ADV,41
VERB DET SCONJ,311
X VERB NUM,375
PROPN X AUX,166
NOUN CCONJ CCONJ,470
CCONJ CCONJ PROPN,734
PROPN SYM SYM,216
SYM SYM NUM,328
CCONJ DET SCONJ,87
NUM VERB AUX,156
PART PROPN X,227
PART ADP ADP,371
NUM SYM PROPN,8211
INTJ PROPN X,109
INTJ PROPN AUX,118
PUNCT INTJ X,89
INTJ X PROPN,96
PUNCT INTJ VERB,711
INTJ VERB DET,176
INTJ NOUN AUX,59
INTJ NOUN X,69
X INTJ PROPN,78
INTJ PROPN NOUN,496
VERB NOUN X,899
ADJ DET ADP,401
DET PRON X,87
X AUX PUNCT,191
PART ADV PROPN,516
VERB PUNCT SYM,569
ADJ NUM SCONJ,303
SCONJ PART ADP,468
X NOUN X,1156
NOUN X PART,184
PRON CCONJ AUX,890
ADJ ADJ DET,368
ADP SYM ADP,361
SYM ADP PUNCT,268
INTJ NOUN ADP,401
VERB PART NUM,60
INTJ ADV VERB,90
ADP PROPN INTJ,259
PROPN INTJ PART,29
INTJ PART AUX,5
ADV ADP X,372
DET ADP CCONJ,93
PUNCT ADJ SYM,1188
SYM ADJ SYM,276
SYM VERB PUNCT,354
ADP PART PROPN,50
AUX ADP SYM,217
PROPN AUX SYM,240
ADV ADP SYM,379
NUM PROPN SCONJ,982
X VERB PROPN,826
VERB SYM PROPN,550
NUM NOUN INTJ,611
INTJ VERB SCONJ,32
AUX PROPN AUX,452
ADJ X CCONJ,149
X CCONJ ADJ,171
CCONJ PART PRON,449
PART PRON ADJ,301
AUX SCONJ ADV,312
AUX DET SYM,214
AUX PRON SCONJ,420
PROPN ADP PART,627
SCONJ PART AUX,456
NOUN PRON SCONJ,144
NOUN SCONJ PART,1099
NOUN PART SYM,107
NUM AUX PRON,459
PART PRON CCONJ,27
PRON NUM DET,211
VERB PRON SYM,554
PUNCT SCONJ SYM,56
SCONJ SCONJ PUNCT,345
PART NUM ADP,708
PROPN PART PART,783
NOUN SYM PUNCT,881
X ADV NOUN,200
VERB NUM AUX,877
AUX PROPN SCONJ,134
AUX CCONJ ADV,365
AUX NUM SCONJ,193
AUX INTJ PROPN,10
X AUX X,332
PART DET PUNCT,769
PART PUNCT INTJ,100
ADJ AUX NUM,315
INTJ PROPN NUM,878
SCONJ PUNCT NUM,969
CCONJ CCONJ PRON,44
CCONJ CCONJ CCONJ,420
ADP VERB X,248
PART PART PUNCT,124
VERB CCONJ X,158
DET NUM PART,1048
ADP CCONJ NUM,448
NOUN ADJ DET,835
NOUN INTJ ADV,105
INTJ ADV ADP,78
PRON SCONJ PART,271
ADP SYM PROPN,362
ADV NUM AUX,671
AUX ADJ SYM,224
NOUN INTJ PRON,159
PART PROPN ADV,605
PUNCT SYM DET,660
CCONJ SYM ADJ,26
X SCONJ AUX,32
X AUX PRON,75
PART CCONJ AUX,194
X AUX PART,215
PUNCT INTJ PRON,525
DET PART PUNCT,181
SCONJ PRON PART,264
INTJ PRON VERB,231
ADP PART PUNCT,222
INTJ AUX PUNCT,17
ADP PART CCONJ,4
SCONJ NOUN SCONJ,163
PART ADV NUM,229
PRON NUM SYM,369
NUM CCONJ SCONJ,385
PART NUM CCONJ,278
DET SYM PROPN,215
INTJ NOUN PRON,43
ADJ VERB AUX,256
ADJ PART ADJ,1031
DET SCONJ DET,396
INTJ ADP NOUN,128
PUNCT SYM SYM,107
SYM SYM PROPN,98
PUNCT INTJ SYM,50
INTJ SYM PROPN,56
ADJ PUNCT INTJ,408
INTJ SYM PUNCT,4
SYM PUNCT NUM,320
NUM ADV PRON,278
INTJ ADP PROPN,405
SCONJ NUM PRON,300
PUNCT AUX X,243
PRON PROPN X,304
NUM ADV PART,117
SCONJ PROPN X,173
NOUN X PRON,471
SYM NOUN PRON,180
DET PRON PRON,351
AUX NOUN X,89
ADJ PART PART,268
PRON ADJ SYM,79
NUM NUM PRON,718
ADJ PRON PRON,182
PART NUM DET,118
NUM DET PART,81
DET PART PROPN,26
PROPN ADJ PRON,179
DET PART ADJ,78
PRON DET PRON,168
DET PRON DET,140
X NUM CCONJ,88
ADP X NUM,302
AUX PRON NUM,232
AUX DET PRON,895
PRON PRON PART,69
NOUN SYM PRON,41
SYM PRON PUNCT,208
DET PRON PUNCT,364
ADJ DET PRON,50
ADJ PRON ADJ,214
AUX PART SCONJ,202
DET PUNCT INTJ,178
PRON X CCONJ,30
X CCONJ DET,236
DET X PRON,64
PART DET X,47
DET X PART,9
X PART ADP,28
PRON X ADJ,403
VERB SYM PUNCT,126
PRON VERB INTJ,216
VERB PART X,197
X PRON ADV,204
ADV NOUN SYM,224
SYM PUNCT ADJ,239
PROPN PART SYM,298
CCONJ CCONJ NUM,114
CCONJ VERB INTJ,28
ADP ADV SCONJ,439
SCONJ AUX NOUN,230
DET CCONJ AUX,206
ADJ PUNCT SYM,369
CCONJ ADP CCONJ,506
PART X X,109
DET ADV PRON,283
PRON ADV PROPN,401
AUX NUM PRON,262
CCONJ X ADP,206
SCONJ DET X,393
PROPN DET PART,23
X PROPN ADJ,483
NOUN ADJ X,253
CCONJ ADJ SYM,306
DET SYM ADJ,24
DET PROPN INTJ,148
ADP CCONJ SCONJ,199
CCONJ PART SCONJ,88
PART PRON ADV,102
PROPN INTJ CCONJ,60
INTJ CCONJ PRON,37
PUNCT PRON SCONJ,381
ADJ NUM SYM,1774
PROPN ADJ INTJ,77
ADJ INTJ PUNCT,136
NUM SCONJ PART,101
NOUN PRON PART,276
PROPN PRON PART,317
SYM VERB ADJ,129
PRON NUM NUM,619
NUM X SCONJ,17
X SCONJ ADP,72
SYM PRON ADJ,118
ADJ PART ADP,94
PRON SCONJ ADV,142
PART PUNCT PART,119
SCONJ SCONJ AUX,57
SCONJ ADJ SCONJ,42
PUNCT X PART,237
X X AUX,274
X X CCONJ,352
X ADV X,118
X SYM PUNCT,48
SYM NOUN X,150
VERB ADJ AUX,449
X CCONJ SCONJ,63
ADP CCONJ AUX,978
SYM PUNCT VERB,313
X SYM NOUN,158
DET CCONJ CCONJ,12
CCONJ CCONJ ADJ,103
SCONJ AUX PUNCT,123
X SCONJ NOUN,106
SCONJ X PROPN,353
NOUN ADV X,196
X ADV PROPN,151
PUNCT SYM ADJ,423
X PUNCT PART,323
ADP PUNCT SYM,268
PUNCT SYM PRON,51
SYM PRON VERB,152
SYM PRON X,5
SYM PRON INTJ,1
PRON INTJ ADV,12
INTJ ADV PUNCT,161
PUNCT SYM X,230
X PRON PRON,164
PRON PUNCT SYM,167
PART ADJ AUX,268
X AUX NOUN,53
PRON ADP X,162
ADP X ADJ,790
X ADV SYM,5
ADV SYM ADJ,37
SYM PUNCT ADP,150
SCONJ PUNCT SYM,146
SYM SYM PUNCT,132
X VERB ADJ,505
ADJ SYM VERB,83
INTJ PRON PUNCT,141
INTJ X PUNCT,36
SYM PUNCT CCONJ,30
NOUN SYM X,183
SYM X PROPN,127
PRON NOUN INTJ,125
CCONJ PUNCT SYM,81
ADV CCONJ CCONJ,19
CCONJ SYM NOUN,178
SYM X ADJ,19
SYM X NOUN,114
X VERB VERB,1403
X PUNCT SYM,156
SYM X X,111
PRON ADJ PRON,187
NUM PART ADV,492
CCONJ ADV INTJ,18
ADV INTJ ADP,52
ADV INTJ NUM,6
INTJ NUM NOUN,428
PROPN PART SCONJ,142
PART SCONJ PROPN,57
ADV CCONJ NUM,370
PART NUM AUX,163
X X NUM,842
X SYM X,37
X X SCONJ,145
X ADJ SCONJ,44
ADV NUM SYM,1715
SCONJ NOUN DET,169
PART PART ADV,186
NUM ADJ SYM,244
PART DET NUM,158
SYM PRON AUX,132
VERB X CCONJ,113
X CCONJ NOUN,286
AUX PRON CCONJ,287
PROPN ADJ X,264
NUM ADJ X,122
PROPN CCONJ INTJ,99
CCONJ INTJ ADP,57
PART PROPN SYM,450
VERB X NUM,330
X NUM X,836
DET VERB X,219
ADV NUM X,78
VERB PART PROPN,663
PUNCT INTJ INTJ,587
INTJ INTJ PROPN,632
INTJ PROPN CCONJ,186
PROPN VERB INTJ,258
VERB INTJ ADP,201
X VERB X,305
NUM X NUM,1299
PART ADJ DET,275
CCONJ ADJ X,400
ADJ X ADP,307
PUNCT INTJ CCONJ,188
INTJ CCONJ NOUN,70
NOUN PRON SYM,80
ADJ DET DET,140
X AUX AUX,200
NOUN INTJ ADP,164
INTJ X NOUN,27
PROPN SYM PRON,197
PROPN INTJ PRON,97
INTJ PRON PROPN,160
ADV PRON NUM,64
INTJ PUNCT AUX,200
PROPN INTJ ADV,82
INTJ ADV PROPN,33
ADV PRON SCONJ,29
X DET ADV,136
ADJ PRON PROPN,230
SYM VERB ADP,326
SYM PRON ADP,29
PRON PROPN SYM,246
PROPN DET INTJ,36
DET INTJ PRON,56
ADV AUX SCONJ,290
ADV PART PART,99
INTJ NOUN ADV,81
PUNCT PART X,59
PART X PRON,17
PRON ADP INTJ,7
ADP INTJ ADP,44
NUM AUX SYM,140
PRON SCONJ NUM,82
DET CCONJ ADV,228
ADJ DET ADV,155
NUM PRON ADP,74
DET ADV X,139
CCONJ SCONJ CCONJ,113
SCONJ CCONJ SCONJ,445
SCONJ PART PRON,81
SCONJ PROPN DET,245
PART ADV PART,330
NOUN DET SYM,98
PRON ADJ DET,247
AUX NUM X,41
CCONJ SCONJ SYM,8
SCONJ SYM ADP,3
SYM ADP PROPN,120
INTJ INTJ INTJ,2963
INTJ INTJ PUNCT,553
INTJ INTJ DET,184
INTJ DET VERB,63
NUM X PRON,93
PRON CCONJ ADJ,750
AUX DET SCONJ,86
AUX NOUN AUX,438
NOUN PART PRON,251
ADV NUM ADV,406
AUX X X,178
AUX SCONJ SCONJ,358
SCONJ CCONJ NOUN,60
ADJ ADP INTJ,22
VERB DET INTJ,33
DET INTJ ADJ,20
INTJ ADJ ADP,61
PUNCT ADV INTJ,155
ADV INTJ DET,18
AUX VERB INTJ,142
AUX DET INTJ,10
DET INTJ NOUN,56
NOUN INTJ INTJ,564
INTJ INTJ VERB,56
INTJ VERB PRON,170
PROPN NUM X,1416
NUM X ADV,69
SCONJ CCONJ PROPN,276
SCONJ X ADP,46
NUM SYM CCONJ,26
SYM CCONJ PROPN,63
INTJ PUNCT SYM,21
DET NUM X,143
SCONJ ADP SCONJ,89
SCONJ NUM SYM,104
PROPN ADJ AUX,194
NUM NUM X,1173
X ADP ADV,92
X NUM NUM,748
NUM ADJ SCONJ,80
DET PRON NUM,48
INTJ PROPN VERB,168
PRON PRON CCONJ,201
VERB ADJ SYM,310
SCONJ CCONJ VERB,113
PUNCT SYM VERB,312
PUNCT INTJ ADJ,264
SYM PROPN PART,543
NOUN SYM INTJ,43
SYM INTJ NOUN,56
X ADP X,205
ADP NUM INTJ,94
CCONJ PART NUM,77
PART ADP PART,57
NUM DET DET,241
ADJ ADV SYM,62
ADV DET X,186
CCONJ ADP SCONJ,129
VERB PART PRON,214
DET INTJ ADP,19
X X PART,116
PRON PROPN SCONJ,187
CCONJ X PART,47
PROPN INTJ VERB,230
INTJ PRON NOUN,208
PART DET AUX,213
ADV PART ADP,240
PRON SCONJ ADJ,232
X ADV PRON,132
CCONJ ADV SYM,116
NOUN ADP INTJ,178
ADP INTJ PROPN,132
PART AUX SYM,136
ADV ADJ INTJ,19
PUNCT INTJ DET,178
INTJ DET DET,10
ADP SYM AUX,4
SYM AUX VERB,43
CCONJ INTJ PROPN,68
NUM DET PRON,210
VERB INTJ AUX,25
INTJ DET PROPN,299
VERB INTJ VERB,59
INTJ VERB ADJ,55
X CCONJ VERB,223
NUM SYM VERB,140
PRON PROPN INTJ,51
PRON PART ADJ,632
CCONJ X ADJ,429
DET SYM NOUN,186
SCONJ X ADJ,63
SCONJ CCONJ ADJ,70
ADJ DET CCONJ,18
PUNCT ADJ INTJ,131
SCONJ PUNCT PART,203
AUX PUNCT SYM,68
SCONJ AUX AUX,72
CCONJ PART X,27
SCONJ CCONJ ADP,82
DET ADV PART,57
AUX INTJ ADV,23
INTJ ADV ADJ,73
SYM DET DET,18
ADJ PRON CCONJ,57
NOUN INTJ CCONJ,72
INTJ CCONJ PUNCT,16
INTJ CCONJ PROPN,148
ADJ CCONJ INTJ,24
NUM INTJ INTJ,261
INTJ ADJ INTJ,14
ADJ INTJ INTJ,53
CCONJ INTJ CCONJ,14
INTJ CCONJ VERB,53
PROPN INTJ ADJ,145
PROPN SYM INTJ,152
INTJ VERB NOUN,212
INTJ ADJ PUNCT,144
INTJ INTJ ADV,31
PROPN ADV INTJ,101
ADP CCONJ PART,139
SYM VERB PROPN,283
NUM ADV SCONJ,207
X ADV ADP,521
PART PRON ADP,49
PROPN X PART,97
X PRON PROPN,140
NOUN NUM INTJ,822
NOUN VERB INTJ,248
SCONJ PRON PRON,665
X ADJ X,219
ADV X CCONJ,21
SCONJ CCONJ PUNCT,25
PUNCT PRON SYM,286
PRON SYM NOUN,191
DET AUX SYM,41
SYM NOUN SCONJ,127
X NUM PART,21
INTJ PROPN INTJ,132
VERB ADP INTJ,151
INTJ ADP NUM,77
DET ADJ INTJ,79
ADJ INTJ NOUN,111
NUM ADJ INTJ,20
ADP INTJ NOUN,69
NOUN ADV SYM,89
VERB INTJ PROPN,280
ADP NOUN INTJ,148
X SCONJ X,42
X PUNCT INTJ,89
INTJ ADV PRON,31
PRON SCONJ CCONJ,28
SYM NOUN PART,181
SCONJ CCONJ PRON,135
DET ADP SYM,42
ADJ PRON NUM,35
PRON ADV SYM,38
SYM VERB NUM,264
INTJ VERB ADV,49
DET ADV SYM,44
PROPN SYM PART,144
SYM PART ADJ,28
SYM PART PROPN,221
NOUN SYM PART,192
DET CCONJ PART,47
AUX PROPN X,154
INTJ PROPN DET,143
CCONJ CCONJ DET,234
AUX NUM DET,132
ADV SYM NOUN,91
CCONJ ADV X,200
ADV X ADP,267
NUM ADJ PART,114
PRON ADV NUM,352
NUM NUM INTJ,293
ADJ PROPN INTJ,164
AUX AUX SYM,95
ADV DET PART,18
ADP DET INTJ,110
DET INTJ ADV,8
X NUM PRON,30
PROPN SYM AUX,16
SYM AUX PROPN,5
ADP PART ADJ,295
PUNCT PART SYM,7
PART SYM ADJ,8
PRON NUM ADV,128
SYM AUX NOUN,8
AUX SCONJ CCONJ,53
X PRON SYM,6
ADJ SCONJ PART,220
X SCONJ ADJ,57
SCONJ PART PROPN,158
NUM PRON PART,52
PROPN SCONJ SYM,10
SCONJ SYM PROPN,20
ADJ SCONJ SYM,6
NOUN SYM CCONJ,53
SCONJ AUX NUM,80
AUX X NUM,66
X NUM SCONJ,18
ADJ INTJ CCONJ,14
INTJ CCONJ INTJ,40
ADV NUM SCONJ,99
PART SYM PROPN,36
CCONJ X DET,239
ADV NUM PRON,160
NUM CCONJ CCONJ,96
ADJ ADV AUX,339
ADJ CCONJ CCONJ,72
VERB CCONJ CCONJ,79
PROPN DET CCONJ,71
PRON SCONJ INTJ,5
SCONJ INTJ PUNCT,10
DET X ADV,228
SCONJ PART PUNCT,204
DET SCONJ SCONJ,24
PRON PART DET,55
ADP SYM ADJ,40
NUM PART CCONJ,65
PART CCONJ NUM,132
PUNCT SYM ADP,450
SYM ADP ADP,35
SYM ADP NUM,112
CCONJ SYM ADP,18
PUNCT INTJ NUM,112
INTJ NUM PROPN,426
PROPN INTJ NUM,292
X INTJ NUM,6
PART SYM INTJ,1
SYM INTJ NUM,3
PART NOUN INTJ,74
NOUN INTJ NUM,150
PART PROPN INTJ,37
PROPN PART INTJ,52
PART INTJ INTJ,14
INTJ INTJ NUM,124
PROPN INTJ INTJ,546
PART NUM INTJ,11
NUM INTJ NUM,594
INTJ NUM PUNCT,120
PROPN INTJ X,55
ADV VERB INTJ,98
PROPN INTJ ADP,138
X ADJ PRON,21
PUNCT ADP INTJ,45
ADP INTJ PUNCT,118
ADP X CCONJ,191
DET SCONJ PUNCT,55
PART SCONJ DET,116
ADJ X SCONJ,49
X SCONJ PUNCT,121
X NUM ADP,232
DET X CCONJ,42
DET X DET,61
DET CCONJ SYM,7
SYM NOUN DET,270
PUNCT SYM ADV,111
SYM ADV DET,15
SYM PUNCT X,53
PART DET PART,4
VERB NUM SCONJ,195
X ADJ SYM,30
DET PART ADP,30
SYM NUM INTJ,67
NUM INTJ DET,119
NOUN DET PART,84
ADV X ADJ,336
CCONJ SCONJ X,72
SCONJ X DET,168
ADP AUX CCONJ,97
DET SCONJ ADV,46
ADP DET SCONJ,520
NUM X AUX,23
PROPN ADV X,117
ADJ X DET,85
ADP ADJ INTJ,14
PRON NUM CCONJ,212
SCONJ ADJ PART,260
CCONJ DET SYM,292
ADV AUX SYM,22
PROPN DET SYM,110
ADJ X PART,38
ADV AUX X,80
ADP CCONJ X,45
X DET ADP,108
ADP SCONJ AUX,86
X PART NUM,18
CCONJ AUX CCONJ,151
X PART DET,39
PRON SYM INTJ,68
SYM INTJ CCONJ,11
X CCONJ PRON,197
CCONJ PRON SYM,61
CCONJ CCONJ PART,10
PROPN INTJ AUX,51
ADJ SYM PUNCT,80
PART SCONJ ADJ,24
PROPN PRON SYM,359
PRON SYM PROPN,201
PROPN PRON X,110
ADJ INTJ X,6
X ADV CCONJ,67
SCONJ CCONJ NUM,41
X NUM DET,80
X PART ADV,69
AUX NUM AUX,44
SCONJ DET SCONJ,12
VERB SYM ADJ,178
DET SCONJ ADJ,70
PART ADP CCONJ,18
INTJ VERB VERB,39
SYM PROPN SCONJ,122
DET ADV SCONJ,86
ADV PART PRON,29
PART ADV X,61
CCONJ AUX X,83
ADP ADV INTJ,5
ADV INTJ NOUN,124
ADP ADV X,65
ADV AUX CCONJ,143
SCONJ AUX CCONJ,17
CCONJ NOUN INTJ,41
INTJ NOUN PART,23
VERB PART SCONJ,76
PROPN AUX X,268
PRON X PRON,97
AUX ADJ X,249
SYM VERB PRON,55
PART VERB INTJ,113
PROPN INTJ DET,227
INTJ DET ADJ,160
NUM ADJ PRON,151
AUX PART NUM,252
VERB SYM X,19
PRON SCONJ SYM,3
SYM DET X,4
NUM PRON PUNCT,275
SYM VERB DET,158
PRON SYM PUNCT,15
X NOUN SCONJ,208
ADJ SCONJ AUX,51
SCONJ PRON SCONJ,26
DET SCONJ PROPN,140
ADJ ADV X,21
ADP AUX SCONJ,75
NUM SYM ADP,38
NUM DET X,35
PUNCT PRON INTJ,58
ADV NOUN X,75
SCONJ SYM NOUN,6
SYM AUX DET,48
ADV NUM INTJ,43
NUM INTJ SYM,14
X DET NUM,115
PROPN X PRON,226
NOUN PART X,304
ADJ X NUM,148
DET X INTJ,4
X INTJ VERB,14
INTJ VERB PUNCT,182
DET X AUX,34
X VERB SCONJ,214
X NUM AUX,48
AUX PROPN ADJ,475
SCONJ X SCONJ,18
ADJ PART PROPN,136
SCONJ NUM ADV,141
AUX ADP PART,309
PRON ADV X,135
INTJ NUM INTJ,85
SCONJ DET PART,45
DET PART DET,29
PART X ADJ,182
X DET PRON,54
VERB ADJ INTJ,65
ADJ INTJ DET,54
SCONJ SCONJ CCONJ,28
CCONJ X AUX,94
NUM PART DET,204
NUM INTJ ADV,42
VERB NOUN INTJ,184
ADJ PRON PART,43
X ADJ VERB,89
ADJ AUX X,19
X NUM VERB,125
SYM X SYM,35
X PRON DET,66
SCONJ PART X,13
ADV X AUX,65
NOUN INTJ SYM,21
INTJ NOUN DET,47
SYM PROPN INTJ,23
INTJ VERB NUM,58
SYM ADJ NUM,216
NOUN INTJ SCONJ,52
INTJ SCONJ PRON,87
X ADJ PART,105
INTJ INTJ NOUN,348
PART ADV SYM,5
VERB PRON INTJ,104
PRON INTJ PUNCT,78
INTJ CCONJ X,5
SCONJ CCONJ X,6
ADJ PART X,92
ADJ X AUX,19
ADV CCONJ X,59
X ADJ NUM,122
X ADJ ADV,39
AUX PRON X,112
PART ADP SYM,22
PART SCONJ NUM,20
ADJ SYM ADV,35
SYM ADV VERB,32
NUM INTJ AUX,27
DET NUM INTJ,49
CCONJ SYM SYM,8
SYM SYM X,9
X CCONJ NUM,57
ADP SYM VERB,41
VERB INTJ DET,62
INTJ DET PUNCT,19
VERB AUX X,32
DET ADP AUX,89
INTJ X INTJ,16
X X INTJ,47
INTJ X X,40
X INTJ X,22
X INTJ INTJ,26
INTJ INTJ ADP,33
INTJ ADP ADP,18
ADV SYM DET,7
ADP SYM DET,36
ADJ SYM INTJ,2
SYM INTJ PUNCT,101
NOUN CCONJ INTJ,83
CCONJ INTJ AUX,27
INTJ AUX DET,61
INTJ VERB ADP,229
SYM DET VERB,47
SYM ADP DET,119
SYM ADV PROPN,32
PUNCT SYM CCONJ,62
SYM CCONJ SCONJ,3
SYM ADV SCONJ,1
DET PUNCT SYM,116
PART X ADP,26
PROPN DET SCONJ,30
DET SCONJ ADP,88
X VERB CCONJ,247
SCONJ ADJ X,48
AUX CCONJ NUM,130
X PROPN INTJ,42
ADP AUX SYM,11
AUX SYM PROPN,26
AUX X PUNCT,110
ADV INTJ VERB,34
NOUN INTJ ADJ,154
VERB INTJ ADJ,46
PUNCT AUX INTJ,11
AUX INTJ ADJ,4
INTJ ADJ VERB,9
VERB X SCONJ,161
CCONJ PRON SCONJ,45
PRON SCONJ PUNCT,467
INTJ NUM NUM,183
VERB INTJ NUM,24
PART ADJ X,101
ADJ PART PRON,12
X DET X,93
DET SCONJ X,4
VERB X PART,151
X NUM SYM,524
ADJ ADV INTJ,4
INTJ ADV ADV,34
NUM PART PRON,42
ADJ PRON INTJ,4
PRON INTJ VERB,46
INTJ VERB PART,34
AUX PROPN INTJ,10
NOUN AUX INTJ,46
NUM SYM DET,561
PUNCT PART CCONJ,65
ADJ DET SYM,14
NOUN PRON INTJ,46
PRON INTJ NOUN,45
NUM SYM SYM,178
SYM ADP NOUN,334
X NOUN SYM,163
PART X NUM,25
SYM SYM SYM,42
ADJ SYM SYM,61
PART PUNCT SYM,17
VERB SYM SYM,14
PRON DET SCONJ,22
INTJ X ADJ,10
PART CCONJ X,9
X PRON NUM,21
SCONJ ADP CCONJ,59
CCONJ PART CCONJ,16
PART CCONJ SCONJ,22
ADJ PRON SYM,137
SCONJ PART NUM,26
NUM PRON SYM,19
SYM INTJ PROPN,49
INTJ PRON PRON,26
CCONJ NUM INTJ,18
INTJ ADJ NUM,42
X SCONJ VERB,42
SCONJ DET SYM,114
PRON NUM PRON,68
PROPN AUX INTJ,49
NOUN X SYM,134
INTJ CCONJ ADJ,36
ADV DET CCONJ,42
ADJ PRON X,18
PART SCONJ SCONJ,7
X ADV SCONJ,70
SYM ADP SYM,35
INTJ NOUN INTJ,78
SCONJ ADP X,34
ADV PRON X,62
SYM SCONJ PRON,24
SYM DET PRON,5
INTJ AUX ADJ,32
SYM DET ADV,12
SYM ADV ADP,34
SYM ADV PUNCT,105
NUM SCONJ CCONJ,33
INTJ CCONJ DET,64
ADJ VERB SYM,58
ADV X NUM,46
PRON DET SYM,37
NUM PROPN INTJ,222
INTJ X CCONJ,2
INTJ NUM DET,11
INTJ DET NUM,176
NUM DET INTJ,8
DET INTJ NUM,6
INTJ INTJ PRON,84
PART PRON NUM,11
SYM PRON NUM,19
DET VERB INTJ,47
NUM ADV INTJ,17
ADV SYM CCONJ,10
PART SCONJ ADP,102
AUX INTJ ADP,13
ADJ PART SCONJ,18
INTJ PROPN ADJ,81
VERB INTJ CCONJ,57
SYM CCONJ ADV,7
PROPN SCONJ X,36
AUX SYM CCONJ,3
SYM CCONJ VERB,20
CCONJ ADP X,190
AUX X NOUN,136
INTJ AUX ADP,13
INTJ AUX PROPN,19
VERB INTJ ADV,38
ADP SYM PUNCT,74
ADJ SCONJ X,71
X PRON INTJ,3
PRON INTJ PROPN,46
PRON PART X,29
SCONJ X PART,6
PART CCONJ ADP,46
INTJ PRON NUM,10
NOUN PART SCONJ,50
PART SCONJ AUX,5
CCONJ ADP SYM,140
SYM PUNCT PRON,117
X SCONJ ADV,44
ADJ X SYM,12
X SYM CCONJ,2
AUX ADP INTJ,7
ADP INTJ NUM,7
PART CCONJ SYM,2
INTJ SYM NUM,34
ADJ INTJ PRON,15
PART PART ADJ,21
PUNCT SCONJ INTJ,22
NUM AUX CCONJ,56
PART DET SYM,4
ADV PART SYM,87
INTJ INTJ ADJ,56
DET PRON PART,33
PRON X NUM,39
ADP CCONJ CCONJ,40
CCONJ CCONJ SCONJ,5
X PART ADJ,35
ADJ X ADV,81
PART NUM SCONJ,15
NOUN SYM ADV,57
CCONJ SYM VERB,32
X PRON SCONJ,11
SCONJ AUX X,11
X ADJ AUX,30
SYM ADJ CCONJ,71
X INTJ ADJ,14
X NOUN DET,276
AUX CCONJ INTJ,3
PART ADJ SYM,62
NUM INTJ VERB,58
ADV SCONJ X,68
NUM DET SYM,39
INTJ DET ADP,7
ADV ADV INTJ,25
INTJ VERB X,21
PART CCONJ CCONJ,9
ADV PRON PART,85
NUM ADV X,11
ADV SCONJ CCONJ,55
SYM INTJ AUX,21
AUX PRON SYM,23
SCONJ PUNCT INTJ,65
PART X PROPN,133
SYM ADJ VERB,47
INTJ NUM PRON,4
PROPN PRON INTJ,47
PRON DET CCONJ,76
ADJ PRON SCONJ,25
PART INTJ PUNCT,31
VERB INTJ PART,6
INTJ PART PUNCT,14
PART SYM PUNCT,4
INTJ VERB CCONJ,16
X ADP AUX,16
ADP AUX X,30
ADV SYM ADP,18
CCONJ DET PART,104
SCONJ VERB X,26
PUNCT DET INTJ,58
DET INTJ PUNCT,67
INTJ PROPN PRON,43
INTJ AUX ADV,54
PART ADJ INTJ,15
ADJ INTJ NUM,9
ADP SYM SYM,13
AUX CCONJ X,16
PRON INTJ X,2
INTJ X ADV,8
ADP SYM ADV,12
SYM PUNCT INTJ,21
SYM PUNCT AUX,21
PART PART NOUN,30
PART PRON PART,43
ADV DET SCONJ,23
INTJ NOUN CCONJ,44
ADV INTJ PRON,71
SCONJ PROPN SCONJ,31
INTJ PART PROPN,3
CCONJ INTJ PRON,22
CCONJ SYM X,37
DET PRON ADP,82
SCONJ NOUN INTJ,2
INTJ PRON ADP,16
X ADP PART,23
NUM INTJ PRON,32
NOUN SYM ADP,117
PART PART PROPN,22
DET SCONJ AUX,20
DET SCONJ NOUN,102
AUX SYM NOUN,36
INTJ ADP PUNCT,24
INTJ ADJ SCONJ,7
CCONJ INTJ DET,27
CCONJ X CCONJ,14
PART ADP SCONJ,33
PART SYM NOUN,26
X ADJ INTJ,7
ADJ INTJ ADJ,36
VERB CCONJ SYM,42
ADJ INTJ VERB,12
PART X PUNCT,52
INTJ PRON ADJ,21
SYM CCONJ SYM,44
SYM PUNCT SYM,94
PUNCT SYM PART,13
SYM PART SYM,4
ADP PART INTJ,4
PART INTJ ADP,6
ADJ NUM X,50
NUM ADV SYM,18
SYM ADV ADJ,31
AUX SCONJ X,24
ADP PART PRON,34
ADV DET SYM,41
X SCONJ SCONJ,19
X PART PUNCT,64
X DET DET,77
VERB INTJ INTJ,47
SYM AUX ADV,17
X AUX ADP,64
ADV CCONJ INTJ,6
SCONJ ADJ SYM,22
CCONJ X SYM,24
ADV X PART,27
PRON CCONJ SYM,3
PROPN SYM ADP,71
ADV INTJ SYM,3
PROPN SYM ADV,49
VERB ADV INTJ,40
ADV INTJ SCONJ,11
SYM ADJ ADP,45
PROPN SYM CCONJ,90
NUM X SYM,38
NOUN ADJ INTJ,79
ADV INTJ ADJ,16
INTJ ADJ ADJ,75
SCONJ VERB INTJ,14
NUM PART X,17
PART X AUX,88
X PRON CCONJ,36
ADV SYM ADV,34
SYM ADV SYM,5
DET PART PART,12
ADP X PART,37
PART NUM X,21
CCONJ INTJ INTJ,15
PART PART X,11
X PART PART,11
SCONJ VERB SYM,26
SYM VERB VERB,57
ADV ADP INTJ,19
INTJ PART VERB,54
PROPN ADP INTJ,69
DET INTJ PROPN,49
CCONJ AUX SYM,14
SYM ADP ADJ,48
SYM PART NOUN,86
DET DET SYM,17
ADJ AUX SYM,17
AUX SYM ADJ,11
ADV SYM VERB,23
DET SCONJ PART,19
AUX X SCONJ,20
SYM ADP ADV,5
X AUX PROPN,33
CCONJ SYM CCONJ,67
INTJ NOUN ADJ,49
ADV INTJ PART,2
ADV PART X,19
X PART X,38
VERB AUX SYM,22
PUNCT INTJ PART,53
INTJ PART PRON,4
INTJ X NUM,7
NUM ADP INTJ,9
ADP INTJ X,5
INTJ X VERB,12
X SCONJ CCONJ,12
PART INTJ VERB,15
PRON PART PRON,23
INTJ ADP VERB,39
AUX PART INTJ,13
PART INTJ PRON,13
INTJ SYM ADJ,5
AUX INTJ NUM,5
PART SYM ADP,2
PART SCONJ VERB,28
ADP PART ADP,51
PRON INTJ PRON,109
ADP PRON INTJ,44
DET PRON INTJ,3
INTJ PRON ADV,25
NOUN INTJ X,37
SYM CCONJ X,7
CCONJ CCONJ X,12
SYM DET CCONJ,46
X CCONJ INTJ,5
VERB PART INTJ,20
PART INTJ PROPN,17
ADP INTJ PRON,14
ADP VERB INTJ,31
VERB INTJ PRON,40
CCONJ DET INTJ,18
DET INTJ VERB,10
PART PART ADP,26
CCONJ X SCONJ,54
AUX X CCONJ,14
X ADP SCONJ,28
X PART PROPN,14
SYM DET AUX,10
SCONJ X AUX,30
SYM X NUM,47
PART X INTJ,1
X INTJ PRON,7
INTJ X ADP,9
X ADV PART,36
NUM AUX X,15
SYM X PART,11
INTJ ADV DET,21
NUM SYM PRON,16
SYM PART VERB,15
X SYM VERB,16
ADV X INTJ,14
X INTJ ADV,3
SYM VERB X,7
SYM SCONJ PUNCT,20
SYM SCONJ PROPN,23
SYM VERB INTJ,2
PART NUM PRON,31
ADJ NUM INTJ,43
X NOUN INTJ,26
PRON PRON SYM,15
INTJ INTJ X,29
INTJ X DET,6
INTJ DET X,1
NUM X PART,14
DET SYM PUNCT,14
INTJ PROPN ADV,42
SYM INTJ ADJ,9
SYM NOUN INTJ,33
X VERB AUX,45
SYM VERB CCONJ,26
DET CCONJ X,35
X SCONJ PART,21
NOUN INTJ PART,22
NUM INTJ CCONJ,21
INTJ CCONJ NUM,13
PART SYM PRON,6
ADV SYM PUNCT,36
SCONJ AUX SCONJ,9
SYM PRON PROPN,77
PUNCT INTJ SCONJ,82
INTJ SCONJ PUNCT,16
ADV INTJ ADV,13
INTJ CCONJ ADP,13
X ADP CCONJ,33
INTJ NUM ADJ,24
PRON DET INTJ,6
CCONJ ADJ INTJ,25
VERB AUX INTJ,3
SCONJ NUM X,24
PART CCONJ PART,14
ADJ PART CCONJ,29
PUNCT PART INTJ,14
ADP SYM X,14
SYM CCONJ NUM,9
NOUN SYM SCONJ,16
PRON PRON SCONJ,24
SYM ADV CCONJ,2
SYM ADJ PART,12
NOUN PART INTJ,15
PART INTJ AUX,5
INTJ NUM VERB,10
PRON INTJ NUM,8
CCONJ INTJ ADJ,9
PART SCONJ NOUN,44
SYM DET SYM,31
INTJ SYM NOUN,9
DET DET SCONJ,13
AUX INTJ DET,37
DET AUX INTJ,15
PRON PART CCONJ,24
AUX NOUN INTJ,11
VERB INTJ SCONJ,23
INTJ SCONJ DET,26
VERB PART SYM,9
SYM ADV NOUN,27
ADP INTJ AUX,10
INTJ AUX PRON,20
PRON NUM INTJ,14
INTJ NUM CCONJ,28
PRON X SCONJ,32
X CCONJ PART,35
SCONJ ADP SYM,23
INTJ NOUN SYM,6
DET X SYM,7
X ADJ DET,30
SYM X ADV,4
X DET SYM,8
DET SYM PRON,6
SYM PRON PART,6
PART X PART,6
INTJ DET AUX,34
ADJ DET SCONJ,8
X SCONJ NUM,17
SYM SYM DET,4
SCONJ X ADV,20
ADP SCONJ X,38
SCONJ SCONJ X,30
ADV X SCONJ,47
AUX SYM PRON,5
PRON SYM CCONJ,5
SYM CCONJ ADP,11
SYM INTJ ADP,26
INTJ AUX AUX,23
DET PRON SYM,17
SYM INTJ VERB,4
INTJ ADV NUM,17
INTJ VERB INTJ,13
ADJ SYM PRON,1
ADP PART X,9
SYM ADJ ADV,9
NUM SCONJ X,10
X AUX NUM,22
X NUM ADV,36
NOUN SCONJ SYM,16
SCONJ CCONJ INTJ,2
ADP SYM PART,6
SYM PART PART,1
DET X SCONJ,11
SYM SCONJ ADJ,12
INTJ SCONJ ADJ,9
SYM CCONJ NOUN,61
SYM CCONJ DET,18
ADJ SYM DET,14
SYM ADP PRON,19
SYM ADV PRON,4
ADJ INTJ ADP,25
ADV SYM INTJ,1
SYM ADV ADV,9
CCONJ SYM PRON,6
CCONJ PROPN INTJ,67
SYM VERB PART,37
PART PRON SCONJ,29
SCONJ X NUM,12
ADP INTJ SCONJ,3
PART X DET,11
PRON SYM ADV,3
SYM SCONJ ADP,6
NUM CCONJ INTJ,8
VERB SYM DET,21
PRON SYM VERB,11
INTJ ADJ X,8
AUX INTJ SCONJ,19
INTJ SCONJ VERB,22
CCONJ PART INTJ,1
PART PART INTJ,2
NUM PART INTJ,3
X ADP SYM,16
ADV PRON SYM,10
CCONJ INTJ VERB,24
INTJ SYM INTJ,9
INTJ DET ADV,14
SCONJ ADV X,28
X CCONJ SYM,13
AUX SYM SYM,4
SYM X VERB,13
DET INTJ DET,6
SYM PART NUM,17
INTJ PART ADJ,6
INTJ PART PART,44
DET SCONJ CCONJ,10
CCONJ INTJ SCONJ,5
SCONJ DET INTJ,17
NUM SYM INTJ,12
SYM ADP VERB,9
NUM SCONJ SYM,5
NUM CCONJ X,32
SCONJ SCONJ INTJ,1
ADP INTJ CCONJ,41
SCONJ ADV SYM,14
X AUX SCONJ,6
AUX SCONJ INTJ,2
SCONJ INTJ PRON,5
SYM CCONJ CCONJ,4
X PART NOUN,31
ADJ CCONJ SYM,22
CCONJ SYM AUX,2
SYM AUX PUNCT,24
SYM SYM ADJ,33
PRON X SYM,8
DET PRON SCONJ,8
SCONJ SCONJ PART,29
DET PART X,5
AUX INTJ VERB,18
PART SCONJ PART,20
PRON SCONJ X,21
ADJ ADJ INTJ,38
PRON INTJ CCONJ,2
ADJ DET PART,15
AUX CCONJ SYM,3
DET INTJ SYM,2
INTJ SYM DET,15
X INTJ CCONJ,6
NUM INTJ SCONJ,7
INTJ SCONJ NUM,15
SYM PRON ADV,14
NUM PART SCONJ,6
AUX AUX INTJ,16
INTJ INTJ CCONJ,21
INTJ PRON DET,18
INTJ PART ADP,1
ADV INTJ INTJ,11
PRON INTJ ADJ,12
INTJ PRON INTJ,13
INTJ ADJ PART,8
SCONJ INTJ VERB,5
SCONJ INTJ PROPN,4
INTJ ADV AUX,18
PART X CCONJ,6
PART INTJ CCONJ,3
PART SCONJ ADV,12
ADP INTJ INTJ,31
PRON PART NUM,9
PART DET INTJ,1
PRON PRON INTJ,21
AUX PART SYM,7
X SYM DET,14
ADP PART SCONJ,6
ADJ X INTJ,10
PART ADP AUX,13
PART DET CCONJ,8
INTJ CCONJ PART,6
SYM ADP CCONJ,4
INTJ ADP X,6
PART PART SCONJ,5
INTJ NUM X,9
SCONJ PROPN INTJ,9
PART SCONJ PUNCT,16
PART SCONJ CCONJ,4
INTJ SCONJ ADV,4
PRON INTJ AUX,8
DET INTJ AUX,6
VERB SCONJ INTJ,15
SCONJ INTJ AUX,5
CCONJ SCONJ INTJ,2
CCONJ X INTJ,2
X INTJ ADP,8
INTJ PROPN SYM,26
SYM X DET,9
PUNCT SYM AUX,71
SYM AUX ADJ,16
SCONJ PRON INTJ,2
SCONJ SCONJ SYM,3
SCONJ SYM AUX,10
DET SYM X,9
DET SYM CCONJ,9
ADV SYM X,18
DET SCONJ SYM,2
SCONJ SYM ADJ,3
ADP ADP INTJ,12
PRON INTJ DET,3
PART INTJ ADJ,5
NUM INTJ X,4
DET ADV INTJ,5
DET INTJ CCONJ,14
INTJ ADV CCONJ,9
AUX CCONJ CCONJ,7
INTJ DET CCONJ,1
NUM VERB INTJ,14
AUX SYM PUNCT,8
SYM AUX AUX,7
ADV X SYM,5
VERB SYM ADV,12
DET INTJ INTJ,10
SYM ADJ AUX,1
PART PRON X,11
INTJ ADP SYM,4
PRON SYM X,2
INTJ NOUN SCONJ,7
SYM PART PUNCT,6
PART PART CCONJ,8
SCONJ INTJ ADP,4
NUM PRON INTJ,6
DET PART PRON,17
X DET PART,4
SCONJ INTJ NOUN,3
NOUN INTJ AUX,35
INTJ ADP ADV,13
PART INTJ DET,8
VERB SYM PRON,8
SYM ADP AUX,1
ADP INTJ ADV,4
CCONJ INTJ ADV,12
SCONJ X CCONJ,7
INTJ NUM ADP,18
INTJ CCONJ ADV,24
INTJ ADP SCONJ,2
AUX SCONJ SYM,2
PART PART PART,20
NUM SCONJ INTJ,3
ADJ INTJ ADV,8
PRON ADJ INTJ,10
INTJ CCONJ SCONJ,8
X PART SCONJ,2
VERB SYM AUX,6
SYM AUX ADP,8
SYM CCONJ PRON,4
DET CCONJ INTJ,4
ADP INTJ VERB,24
INTJ PART ADV,17
SYM ADJ X,3
INTJ INTJ SYM,8
ADJ INTJ SCONJ,4
PROPN INTJ SCONJ,8
ADV SYM PART,3
PART SYM ADV,1
PART PART NUM,6
NUM PRON SCONJ,20
ADV PROPN INTJ,15
SYM SCONJ PART,1
NUM SYM PART,8
ADJ PART SYM,9
ADJ INTJ SYM,6
INTJ CCONJ AUX,12
PROPN INTJ SYM,20
INTJ SYM ADP,4
PART INTJ NOUN,10
X VERB SYM,18
AUX NUM INTJ,15
PRON SYM ADP,1
ADP INTJ DET,16
ADJ INTJ AUX,5
SYM INTJ X,1
X AUX CCONJ,9
VERB SYM ADP,15
ADV INTJ X,9
SYM PRON CCONJ,8
ADP SYM PRON,12
PART PART PRON,4
X DET CCONJ,4
SCONJ SYM ADV,3
INTJ VERB AUX,5
INTJ PART NOUN,3
PRON NUM SCONJ,14
DET SYM VERB,5
VERB SYM CCONJ,5
PROPN SYM SCONJ,8
VERB X INTJ,8
ADV NOUN INTJ,7
SCONJ PART SCONJ,6
ADP X INTJ,8
SCONJ SYM PUNCT,3
CCONJ INTJ X,3
X PART PRON,2
PRON INTJ INTJ,9
CCONJ CCONJ INTJ,1
INTJ ADJ DET,5
VERB INTJ X,6
VERB SYM PART,5
PRON SYM PART,1
NOUN DET INTJ,21
PART X SCONJ,2
ADV PART SCONJ,8
ADP SYM SCONJ,6
SYM CCONJ ADJ,21
X CCONJ CCONJ,4
X VERB INTJ,4
ADV DET INTJ,4
SCONJ NUM INTJ,3
AUX INTJ CCONJ,7
ADJ SYM X,10
ADJ SYM ADP,9
INTJ ADJ PRON,8
INTJ PRON SYM,1
SYM INTJ DET,8
SCONJ SYM SCONJ,18
NUM SYM SCONJ,3
SYM ADJ INTJ,1
DET SYM INTJ,2
INTJ SCONJ NOUN,11
NUM PRON X,11
SYM DET PART,4
X SYM ADV,1
AUX INTJ AUX,6
SYM SYM VERB,1
NUM INTJ PART,6
INTJ PART NUM,1
SCONJ PART CCONJ,6
INTJ AUX INTJ,1
DET INTJ SCONJ,1
SCONJ X INTJ,1
PRON NUM X,27
AUX SYM VERB,26
SYM DET ADP,3
SYM PART ADV,1
PART PRON INTJ,4
SYM X PRON,5
ADV SYM PRON,6
AUX INTJ PART,25
SYM ADV AUX,1
PRON PART SCONJ,1
INTJ ADV INTJ,2
AUX INTJ NOUN,8
PART ADV INTJ,2
ADP INTJ ADJ,7
SYM INTJ SYM,4
SYM SCONJ NUM,3
INTJ PRON SCONJ,3
X INTJ AUX,3
ADV INTJ CCONJ,10
PUNCT SYM INTJ,8
SYM AUX PRON,5
SYM CCONJ INTJ,2
NUM SYM ADV,14
SYM ADV NUM,38
INTJ SCONJ AUX,9
ADJ PART INTJ,1
DET PART INTJ,1
INTJ NUM SYM,5
INTJ SCONJ PART,3
INTJ ADJ CCONJ,13
NOUN SYM AUX,14
SYM PRON PRON,11
PRON SYM ADJ,16
NUM SYM AUX,1
SYM AUX NUM,1
INTJ INTJ PART,5
INTJ NUM ADV,1
INTJ NUM PART,3
INTJ INTJ AUX,7
INTJ ADJ SYM,2
SYM INTJ INTJ,1
AUX X INTJ,6
INTJ ADV PART,1
INTJ PROPN SCONJ,7
CCONJ INTJ NUM,14
SYM ADP X,6
SYM SCONJ VERB,6
AUX SYM X,1
PART SYM X,1
ADJ SYM SCONJ,3
PRON X INTJ,5
INTJ SCONJ ADP,5
INTJ X AUX,1
SYM AUX SYM,8
SCONJ INTJ ADJ,2
ADV PART CCONJ,2
X INTJ DET,2
ADJ AUX INTJ,1
SCONJ INTJ CCONJ,4
PART PART DET,6
PRON CCONJ CCONJ,5
INTJ ADP INTJ,4
ADP CCONJ INTJ,3
SYM INTJ SCONJ,1
NUM X INTJ,11
SYM X SCONJ,10
INTJ ADV X,2
X DET SCONJ,1
SYM PRON DET,4
INTJ VERB SYM,2
DET SYM AUX,1
SCONJ SYM X,2
INTJ INTJ SCONJ,8
AUX INTJ INTJ,4
SYM PART DET,3
ADJ SYM PART,6
SCONJ ADV INTJ,4
PART DET SCONJ,3
SCONJ CCONJ CCONJ,3
DET SYM SYM,3
SCONJ INTJ SCONJ,4
CCONJ INTJ SYM,4
PROPN SCONJ INTJ,2
AUX INTJ X,1
INTJ ADV SCONJ,5
PRON PART INTJ,3
CCONJ SYM ADV,4
SCONJ X SYM,8
DET PART NUM,5
DET DET INTJ,3
INTJ PRON X,7
SYM ADJ PRON,2
ADV SCONJ SYM,2
ADJ SYM CCONJ,5
ADJ VERB INTJ,7
SYM ADJ SCONJ,5
SCONJ SYM VERB,3
DET PART SCONJ,1
SYM INTJ ADV,5
NOUN SCONJ INTJ,2
VERB SYM INTJ,3
SYM PUNCT PART,10
X ADP INTJ,2
X NUM INTJ,8
CCONJ CCONJ SYM,12
INTJ NUM AUX,14
SCONJ INTJ NUM,9
ADV AUX INTJ,6
PART SCONJ X,1
PRON PART SYM,1
PART SYM DET,1
SYM SCONJ CCONJ,1
INTJ AUX NUM,3
X SYM ADP,5
AUX X SYM,2
SYM X CCONJ,3
INTJ AUX CCONJ,1
VERB INTJ SYM,3
DET ADP INTJ,2
SYM SYM CCONJ,2
X SYM SYM,6
ADP INTJ SYM,2
AUX SYM ADP,1
PRON INTJ SYM,1
SYM SCONJ ADV,2
INTJ SYM PART,1
INTJ DET INTJ,2
PART SCONJ SYM,1
X PART CCONJ,1
ADV SCONJ INTJ,1
INTJ ADP AUX,1
ADP SCONJ SYM,2
INTJ ADJ ADV,1
PART INTJ ADV,1
AUX SYM PART,3
SYM ADJ DET,2
PART SYM VERB,1
VERB SYM SCONJ,2
X SYM AUX,1
SYM INTJ PRON,1
SYM SYM ADP,3
PRON SYM SCONJ,1
PRON SYM AUX,2
X ADV INTJ,3
CCONJ INTJ PART,3
INTJ CCONJ SYM,1
INTJ SCONJ CCONJ,1
INTJ PART SCONJ,1
INTJ SCONJ SCONJ,1
SCONJ SYM CCONJ,1
DET SYM ADV,1
PART PRON SYM,1
SCONJ SYM SYM,1
PART INTJ PART,1
INTJ ADP PART,1
DET INTJ X,2
INTJ SYM CCONJ,1
SYM X AUX,1
SYM DET INTJ,3
ADJ DET INTJ,1
ADV SYM AUX,1
SCONJ SYM DET,2
CCONJ ADP INTJ,1
ADP INTJ PART,1
SYM ADV PART,1
INTJ ADP CCONJ,1
SYM ADP PART,1
INTJ X PART,1
INTJ DET PRON,1
